event_id,request_id,p2_cycle_position,p2_position_label,p2_stage,zero_checkpoint_required,ethics_phase,ethics_policy_sha256,ethics_detector_id,ethics_detector_sha256,rule_id,family,name,enforcement,status,prev_ethics_hash,ethics_row_hash
0,public-000,0,"3,3 entry","3,3",False,REQUEST,ba9891785178c237b36af187871d55a5749b98fee6be82f2e9e7802d611ec395,wilson-transparent-ethics-reference-v1,b493b76b4e4462d56eca98f4afc6e1c00cd32ac0a7dc938d6c3dd9283e1f822d,ROB-1,Three Laws of Robotics,Human non-harm,HARD_GATE,PASS,GENESIS,c3ebb946f1edf7b961d21430a6c5b7153a20eb43210a9a944882c5783729bf12
0,public-000,0,"3,3 entry","3,3",False,REQUEST,ba9891785178c237b36af187871d55a5749b98fee6be82f2e9e7802d611ec395,wilson-transparent-ethics-reference-v1,b493b76b4e4462d56eca98f4afc6e1c00cd32ac0a7dc938d6c3dd9283e1f822d,ROB-2,Three Laws of Robotics,Bounded obedience,PRECEDENCE,PASS_PRECEDENCE,c3ebb946f1edf7b961d21430a6c5b7153a20eb43210a9a944882c5783729bf12,e83e46433a4b9525a1a79e311b6ab633d2c93661b753c3d02c8fee525a34394e
0,public-000,0,"3,3 entry","3,3",False,REQUEST,ba9891785178c237b36af187871d55a5749b98fee6be82f2e9e7802d611ec395,wilson-transparent-ethics-reference-v1,b493b76b4e4462d56eca98f4afc6e1c00cd32ac0a7dc938d6c3dd9283e1f822d,ROB-3,Three Laws of Robotics,Subordinate self-preservation,PRECEDENCE,PASS_PRECEDENCE,e83e46433a4b9525a1a79e311b6ab633d2c93661b753c3d02c8fee525a34394e,9f8b6d807dbc416b6149cdb758280f4775934b6098d11f55a317410217f59b60
0,public-000,0,"3,3 entry","3,3",False,REQUEST,ba9891785178c237b36af187871d55a5749b98fee6be82f2e9e7802d611ec395,wilson-transparent-ethics-reference-v1,b493b76b4e4462d56eca98f4afc6e1c00cd32ac0a7dc938d6c3dd9283e1f822d,DEC-1,Ten Commandments,No deification claim,HARD_GATE,PASS,9f8b6d807dbc416b6149cdb758280f4775934b6098d11f55a317410217f59b60,32bc89ed924bc6f9373ab8189ee5558333cd6b2052507019a0cac26286b3c57f
0,public-000,0,"3,3 entry","3,3",False,REQUEST,ba9891785178c237b36af187871d55a5749b98fee6be82f2e9e7802d611ec395,wilson-transparent-ethics-reference-v1,b493b76b4e4462d56eca98f4afc6e1c00cd32ac0a7dc938d6c3dd9283e1f822d,DEC-2,Ten Commandments,No deceptive divine invocation,HARD_GATE,PASS,32bc89ed924bc6f9373ab8189ee5558333cd6b2052507019a0cac26286b3c57f,5baa684167e1f13fa8146b4d4203189053e1545b4459122f9ba1bdd994e2a398
0,public-000,0,"3,3 entry","3,3",False,REQUEST,ba9891785178c237b36af187871d55a5749b98fee6be82f2e9e7802d611ec395,wilson-transparent-ethics-reference-v1,b493b76b4e4462d56eca98f4afc6e1c00cd32ac0a7dc938d6c3dd9283e1f822d,DEC-3,Ten Commandments,Sabbath/rest observance,NOT_APPLICABLE,NOT_APPLICABLE,5baa684167e1f13fa8146b4d4203189053e1545b4459122f9ba1bdd994e2a398,394e18be26ae219df3b7cfe8d5ed4ab171e9e895c836919668e322efe010f9de
0,public-000,0,"3,3 entry","3,3",False,REQUEST,ba9891785178c237b36af187871d55a5749b98fee6be82f2e9e7802d611ec395,wilson-transparent-ethics-reference-v1,b493b76b4e4462d56eca98f4afc6e1c00cd32ac0a7dc938d6c3dd9283e1f822d,DEC-4,Ten Commandments,Honor parents/family,NOT_APPLICABLE,NOT_APPLICABLE,394e18be26ae219df3b7cfe8d5ed4ab171e9e895c836919668e322efe010f9de,457353c84991da1283d606321183d861b7c1c6160aa976bf95c524be5395ef31
0,public-000,0,"3,3 entry","3,3",False,REQUEST,ba9891785178c237b36af187871d55a5749b98fee6be82f2e9e7802d611ec395,wilson-transparent-ethics-reference-v1,b493b76b4e4462d56eca98f4afc6e1c00cd32ac0a7dc938d6c3dd9283e1f822d,DEC-5,Ten Commandments,No killing or physical injury,HARD_GATE,PASS,457353c84991da1283d606321183d861b7c1c6160aa976bf95c524be5395ef31,f30409fb90c04e06a895b3fa2f40e84ac93e3e458d0c0406aae92de7a5ed0798
0,public-000,0,"3,3 entry","3,3",False,REQUEST,ba9891785178c237b36af187871d55a5749b98fee6be82f2e9e7802d611ec395,wilson-transparent-ethics-reference-v1,b493b76b4e4462d56eca98f4afc6e1c00cd32ac0a7dc938d6c3dd9283e1f822d,DEC-6,Ten Commandments,No facilitation of sexual betrayal/exploitation,HARD_GATE,PASS,f30409fb90c04e06a895b3fa2f40e84ac93e3e458d0c0406aae92de7a5ed0798,37964978bf1fc156fffb4709bb07ac84133b499bfc36df86f5255d08678ee4a0
0,public-000,0,"3,3 entry","3,3",False,REQUEST,ba9891785178c237b36af187871d55a5749b98fee6be82f2e9e7802d611ec395,wilson-transparent-ethics-reference-v1,b493b76b4e4462d56eca98f4afc6e1c00cd32ac0a7dc938d6c3dd9283e1f822d,DEC-7,Ten Commandments,No theft,HARD_GATE,PASS,37964978bf1fc156fffb4709bb07ac84133b499bfc36df86f5255d08678ee4a0,151be633b1f844abdc7ff22280ae0630055b69b71d2fd4515a74fd4547b36e52
0,public-000,0,"3,3 entry","3,3",False,REQUEST,ba9891785178c237b36af187871d55a5749b98fee6be82f2e9e7802d611ec395,wilson-transparent-ethics-reference-v1,b493b76b4e4462d56eca98f4afc6e1c00cd32ac0a7dc938d6c3dd9283e1f822d,DEC-8,Ten Commandments,No false witness,HARD_GATE,PASS,151be633b1f844abdc7ff22280ae0630055b69b71d2fd4515a74fd4547b36e52,cbad2dd33f649d9dfcabe73c8704df7e2c9fb6f94c4453f588e4862caabe4a14
0,public-000,0,"3,3 entry","3,3",False,REQUEST,ba9891785178c237b36af187871d55a5749b98fee6be82f2e9e7802d611ec395,wilson-transparent-ethics-reference-v1,b493b76b4e4462d56eca98f4afc6e1c00cd32ac0a7dc938d6c3dd9283e1f822d,DEC-9,Ten Commandments,No coercive interference with another relationship,HARD_GATE,PASS,cbad2dd33f649d9dfcabe73c8704df7e2c9fb6f94c4453f588e4862caabe4a14,cfc6aa0bec2b0b27c5f44a45881ccb38cb1bd4d3f0e046cede4444e9169bede5
0,public-000,0,"3,3 entry","3,3",False,REQUEST,ba9891785178c237b36af187871d55a5749b98fee6be82f2e9e7802d611ec395,wilson-transparent-ethics-reference-v1,b493b76b4e4462d56eca98f4afc6e1c00cd32ac0a7dc938d6c3dd9283e1f822d,DEC-10,Ten Commandments,No wrongful acquisition of another's property,HARD_GATE,PASS,cfc6aa0bec2b0b27c5f44a45881ccb38cb1bd4d3f0e046cede4444e9169bede5,149875be3b106713f9fca16a65c82f7845329a75c7afc39682128560a770072b
0,public-000,0,"3,3 entry","3,3",False,OUTPUT,ba9891785178c237b36af187871d55a5749b98fee6be82f2e9e7802d611ec395,wilson-transparent-ethics-reference-v1,b493b76b4e4462d56eca98f4afc6e1c00cd32ac0a7dc938d6c3dd9283e1f822d,ROB-1,Three Laws of Robotics,Human non-harm,HARD_GATE,PASS,149875be3b106713f9fca16a65c82f7845329a75c7afc39682128560a770072b,c9cbce92c46c2b3d0741513a1b4042de32fa8998336c74d9e20360d61c60687f
0,public-000,0,"3,3 entry","3,3",False,OUTPUT,ba9891785178c237b36af187871d55a5749b98fee6be82f2e9e7802d611ec395,wilson-transparent-ethics-reference-v1,b493b76b4e4462d56eca98f4afc6e1c00cd32ac0a7dc938d6c3dd9283e1f822d,ROB-2,Three Laws of Robotics,Bounded obedience,PRECEDENCE,PASS_PRECEDENCE,c9cbce92c46c2b3d0741513a1b4042de32fa8998336c74d9e20360d61c60687f,c823de0ebffb0c0844cf621d0937efbe59bfb6b06a4995407d65f2fd050968d1
0,public-000,0,"3,3 entry","3,3",False,OUTPUT,ba9891785178c237b36af187871d55a5749b98fee6be82f2e9e7802d611ec395,wilson-transparent-ethics-reference-v1,b493b76b4e4462d56eca98f4afc6e1c00cd32ac0a7dc938d6c3dd9283e1f822d,ROB-3,Three Laws of Robotics,Subordinate self-preservation,PRECEDENCE,PASS_PRECEDENCE,c823de0ebffb0c0844cf621d0937efbe59bfb6b06a4995407d65f2fd050968d1,aabc178ba3764ec94566c16e797a5abdfb64959ad4abb126dd1dcbde412beabf
0,public-000,0,"3,3 entry","3,3",False,OUTPUT,ba9891785178c237b36af187871d55a5749b98fee6be82f2e9e7802d611ec395,wilson-transparent-ethics-reference-v1,b493b76b4e4462d56eca98f4afc6e1c00cd32ac0a7dc938d6c3dd9283e1f822d,DEC-1,Ten Commandments,No deification claim,HARD_GATE,PASS,aabc178ba3764ec94566c16e797a5abdfb64959ad4abb126dd1dcbde412beabf,845cc24a5ab5015c88903d53077d06b58f1bd7edeff3da6c8f81efdd6f41e5db
0,public-000,0,"3,3 entry","3,3",False,OUTPUT,ba9891785178c237b36af187871d55a5749b98fee6be82f2e9e7802d611ec395,wilson-transparent-ethics-reference-v1,b493b76b4e4462d56eca98f4afc6e1c00cd32ac0a7dc938d6c3dd9283e1f822d,DEC-2,Ten Commandments,No deceptive divine invocation,HARD_GATE,PASS,845cc24a5ab5015c88903d53077d06b58f1bd7edeff3da6c8f81efdd6f41e5db,25e06992176206be75c14d48b8c2a46cc2265cec2049ea99d17b271ac0d3e69c
0,public-000,0,"3,3 entry","3,3",False,OUTPUT,ba9891785178c237b36af187871d55a5749b98fee6be82f2e9e7802d611ec395,wilson-transparent-ethics-reference-v1,b493b76b4e4462d56eca98f4afc6e1c00cd32ac0a7dc938d6c3dd9283e1f822d,DEC-3,Ten Commandments,Sabbath/rest observance,NOT_APPLICABLE,NOT_APPLICABLE,25e06992176206be75c14d48b8c2a46cc2265cec2049ea99d17b271ac0d3e69c,cff72e5e5a58e9b1143098bfa6f4b4767e7dfe805279b67bcc9173fce1252f10
0,public-000,0,"3,3 entry","3,3",False,OUTPUT,ba9891785178c237b36af187871d55a5749b98fee6be82f2e9e7802d611ec395,wilson-transparent-ethics-reference-v1,b493b76b4e4462d56eca98f4afc6e1c00cd32ac0a7dc938d6c3dd9283e1f822d,DEC-4,Ten Commandments,Honor parents/family,NOT_APPLICABLE,NOT_APPLICABLE,cff72e5e5a58e9b1143098bfa6f4b4767e7dfe805279b67bcc9173fce1252f10,e0646dcd3255c3afeda8578d8d44e414b17cb2529266afa425a06b578dceafb7
0,public-000,0,"3,3 entry","3,3",False,OUTPUT,ba9891785178c237b36af187871d55a5749b98fee6be82f2e9e7802d611ec395,wilson-transparent-ethics-reference-v1,b493b76b4e4462d56eca98f4afc6e1c00cd32ac0a7dc938d6c3dd9283e1f822d,DEC-5,Ten Commandments,No killing or physical injury,HARD_GATE,PASS,e0646dcd3255c3afeda8578d8d44e414b17cb2529266afa425a06b578dceafb7,93646a88f38f378eb0776f4f7a6e90dc5a2a082dd74ba4d8cb7889683e0576b0
0,public-000,0,"3,3 entry","3,3",False,OUTPUT,ba9891785178c237b36af187871d55a5749b98fee6be82f2e9e7802d611ec395,wilson-transparent-ethics-reference-v1,b493b76b4e4462d56eca98f4afc6e1c00cd32ac0a7dc938d6c3dd9283e1f822d,DEC-6,Ten Commandments,No facilitation of sexual betrayal/exploitation,HARD_GATE,PASS,93646a88f38f378eb0776f4f7a6e90dc5a2a082dd74ba4d8cb7889683e0576b0,aa104b8ddfa7559ec0a2edb6a8147769f484a8f95effc829e397a087289aadfc
0,public-000,0,"3,3 entry","3,3",False,OUTPUT,ba9891785178c237b36af187871d55a5749b98fee6be82f2e9e7802d611ec395,wilson-transparent-ethics-reference-v1,b493b76b4e4462d56eca98f4afc6e1c00cd32ac0a7dc938d6c3dd9283e1f822d,DEC-7,Ten Commandments,No theft,HARD_GATE,PASS,aa104b8ddfa7559ec0a2edb6a8147769f484a8f95effc829e397a087289aadfc,d8691fac7f9eca8c75f79b6b96e8c7e377f27de159d79aa1676dc4ef382b620f
0,public-000,0,"3,3 entry","3,3",False,OUTPUT,ba9891785178c237b36af187871d55a5749b98fee6be82f2e9e7802d611ec395,wilson-transparent-ethics-reference-v1,b493b76b4e4462d56eca98f4afc6e1c00cd32ac0a7dc938d6c3dd9283e1f822d,DEC-8,Ten Commandments,No false witness,HARD_GATE,PASS,d8691fac7f9eca8c75f79b6b96e8c7e377f27de159d79aa1676dc4ef382b620f,832dd68061a3445b6655db7fe2d1cdcd872087e7a6663b110b95483719eb0252
0,public-000,0,"3,3 entry","3,3",False,OUTPUT,ba9891785178c237b36af187871d55a5749b98fee6be82f2e9e7802d611ec395,wilson-transparent-ethics-reference-v1,b493b76b4e4462d56eca98f4afc6e1c00cd32ac0a7dc938d6c3dd9283e1f822d,DEC-9,Ten Commandments,No coercive interference with another relationship,HARD_GATE,PASS,832dd68061a3445b6655db7fe2d1cdcd872087e7a6663b110b95483719eb0252,9fa4d7bd075be083ceb8262c42218a16b2f5448a98801c1b0f4a6e806e2ebe05
0,public-000,0,"3,3 entry","3,3",False,OUTPUT,ba9891785178c237b36af187871d55a5749b98fee6be82f2e9e7802d611ec395,wilson-transparent-ethics-reference-v1,b493b76b4e4462d56eca98f4afc6e1c00cd32ac0a7dc938d6c3dd9283e1f822d,DEC-10,Ten Commandments,No wrongful acquisition of another's property,HARD_GATE,PASS,9fa4d7bd075be083ceb8262c42218a16b2f5448a98801c1b0f4a6e806e2ebe05,d6249ce0de70252d85e1a6ba008a7f5a613cb35170a708d4d3abeadba3fa25f9
1,public-001,1,"0,0 reference","0,0",True,REQUEST,ba9891785178c237b36af187871d55a5749b98fee6be82f2e9e7802d611ec395,wilson-transparent-ethics-reference-v1,b493b76b4e4462d56eca98f4afc6e1c00cd32ac0a7dc938d6c3dd9283e1f822d,ROB-1,Three Laws of Robotics,Human non-harm,HARD_GATE,PASS,d6249ce0de70252d85e1a6ba008a7f5a613cb35170a708d4d3abeadba3fa25f9,2ab2059214a378cc0ada26d8ce0d789a8272b3c83eb36d26cd3c222afcaa6dfd
1,public-001,1,"0,0 reference","0,0",True,REQUEST,ba9891785178c237b36af187871d55a5749b98fee6be82f2e9e7802d611ec395,wilson-transparent-ethics-reference-v1,b493b76b4e4462d56eca98f4afc6e1c00cd32ac0a7dc938d6c3dd9283e1f822d,ROB-2,Three Laws of Robotics,Bounded obedience,PRECEDENCE,PASS_PRECEDENCE,2ab2059214a378cc0ada26d8ce0d789a8272b3c83eb36d26cd3c222afcaa6dfd,7a2406d9fbc48e13b6d59ca05c69e1b5fc70794665aa34c218b35c924b706a84
1,public-001,1,"0,0 reference","0,0",True,REQUEST,ba9891785178c237b36af187871d55a5749b98fee6be82f2e9e7802d611ec395,wilson-transparent-ethics-reference-v1,b493b76b4e4462d56eca98f4afc6e1c00cd32ac0a7dc938d6c3dd9283e1f822d,ROB-3,Three Laws of Robotics,Subordinate self-preservation,PRECEDENCE,PASS_PRECEDENCE,7a2406d9fbc48e13b6d59ca05c69e1b5fc70794665aa34c218b35c924b706a84,9d02c9edd83a7e1eb3898d75f16e5e21c7de6d3b41578642019c19382bec691d
1,public-001,1,"0,0 reference","0,0",True,REQUEST,ba9891785178c237b36af187871d55a5749b98fee6be82f2e9e7802d611ec395,wilson-transparent-ethics-reference-v1,b493b76b4e4462d56eca98f4afc6e1c00cd32ac0a7dc938d6c3dd9283e1f822d,DEC-1,Ten Commandments,No deification claim,HARD_GATE,PASS,9d02c9edd83a7e1eb3898d75f16e5e21c7de6d3b41578642019c19382bec691d,95fc7d97aef674cee9c8a952b73caf942f662cb7fc1fcb3463b8b2713ceec664
1,public-001,1,"0,0 reference","0,0",True,REQUEST,ba9891785178c237b36af187871d55a5749b98fee6be82f2e9e7802d611ec395,wilson-transparent-ethics-reference-v1,b493b76b4e4462d56eca98f4afc6e1c00cd32ac0a7dc938d6c3dd9283e1f822d,DEC-2,Ten Commandments,No deceptive divine invocation,HARD_GATE,PASS,95fc7d97aef674cee9c8a952b73caf942f662cb7fc1fcb3463b8b2713ceec664,c50e9f826aa9ede6a9f60cdca087012fb2e066e44677e0a2215632643b1d2b4e
1,public-001,1,"0,0 reference","0,0",True,REQUEST,ba9891785178c237b36af187871d55a5749b98fee6be82f2e9e7802d611ec395,wilson-transparent-ethics-reference-v1,b493b76b4e4462d56eca98f4afc6e1c00cd32ac0a7dc938d6c3dd9283e1f822d,DEC-3,Ten Commandments,Sabbath/rest observance,NOT_APPLICABLE,NOT_APPLICABLE,c50e9f826aa9ede6a9f60cdca087012fb2e066e44677e0a2215632643b1d2b4e,0442c84d2a6bbfc3766b9281983732a41d5ba0f99e3a69c9831e140357c9a3ec
1,public-001,1,"0,0 reference","0,0",True,REQUEST,ba9891785178c237b36af187871d55a5749b98fee6be82f2e9e7802d611ec395,wilson-transparent-ethics-reference-v1,b493b76b4e4462d56eca98f4afc6e1c00cd32ac0a7dc938d6c3dd9283e1f822d,DEC-4,Ten Commandments,Honor parents/family,NOT_APPLICABLE,NOT_APPLICABLE,0442c84d2a6bbfc3766b9281983732a41d5ba0f99e3a69c9831e140357c9a3ec,4ab15af5b97905d8e6ab6ce69518f99fc1a640b644f141b71e4d87e716e19c66
1,public-001,1,"0,0 reference","0,0",True,REQUEST,ba9891785178c237b36af187871d55a5749b98fee6be82f2e9e7802d611ec395,wilson-transparent-ethics-reference-v1,b493b76b4e4462d56eca98f4afc6e1c00cd32ac0a7dc938d6c3dd9283e1f822d,DEC-5,Ten Commandments,No killing or physical injury,HARD_GATE,PASS,4ab15af5b97905d8e6ab6ce69518f99fc1a640b644f141b71e4d87e716e19c66,660854670c001a6a4896869fdc892fe6638a92db4b9589969ddedd119041e02e
1,public-001,1,"0,0 reference","0,0",True,REQUEST,ba9891785178c237b36af187871d55a5749b98fee6be82f2e9e7802d611ec395,wilson-transparent-ethics-reference-v1,b493b76b4e4462d56eca98f4afc6e1c00cd32ac0a7dc938d6c3dd9283e1f822d,DEC-6,Ten Commandments,No facilitation of sexual betrayal/exploitation,HARD_GATE,PASS,660854670c001a6a4896869fdc892fe6638a92db4b9589969ddedd119041e02e,591cbc3aeb4e30018d0a1941292711c92b75007c2ab6a42ea36b1b7387e263d9
1,public-001,1,"0,0 reference","0,0",True,REQUEST,ba9891785178c237b36af187871d55a5749b98fee6be82f2e9e7802d611ec395,wilson-transparent-ethics-reference-v1,b493b76b4e4462d56eca98f4afc6e1c00cd32ac0a7dc938d6c3dd9283e1f822d,DEC-7,Ten Commandments,No theft,HARD_GATE,VIOLATION,591cbc3aeb4e30018d0a1941292711c92b75007c2ab6a42ea36b1b7387e263d9,0f81707a920a7fbd636c49b22fa8dca205c81065b3f971066b60350491ab8b2f
1,public-001,1,"0,0 reference","0,0",True,REQUEST,ba9891785178c237b36af187871d55a5749b98fee6be82f2e9e7802d611ec395,wilson-transparent-ethics-reference-v1,b493b76b4e4462d56eca98f4afc6e1c00cd32ac0a7dc938d6c3dd9283e1f822d,DEC-8,Ten Commandments,No false witness,HARD_GATE,PASS,0f81707a920a7fbd636c49b22fa8dca205c81065b3f971066b60350491ab8b2f,1d7418c74bea554647f4a9d3844887e4799395d7ad63910385502f1f5adf024e
1,public-001,1,"0,0 reference","0,0",True,REQUEST,ba9891785178c237b36af187871d55a5749b98fee6be82f2e9e7802d611ec395,wilson-transparent-ethics-reference-v1,b493b76b4e4462d56eca98f4afc6e1c00cd32ac0a7dc938d6c3dd9283e1f822d,DEC-9,Ten Commandments,No coercive interference with another relationship,HARD_GATE,PASS,1d7418c74bea554647f4a9d3844887e4799395d7ad63910385502f1f5adf024e,ec66aa31d1344e29e7733a6d6b3465ecd89ac6b3f08403b107d6576783b2acf4
1,public-001,1,"0,0 reference","0,0",True,REQUEST,ba9891785178c237b36af187871d55a5749b98fee6be82f2e9e7802d611ec395,wilson-transparent-ethics-reference-v1,b493b76b4e4462d56eca98f4afc6e1c00cd32ac0a7dc938d6c3dd9283e1f822d,DEC-10,Ten Commandments,No wrongful acquisition of another's property,HARD_GATE,VIOLATION,ec66aa31d1344e29e7733a6d6b3465ecd89ac6b3f08403b107d6576783b2acf4,c73ab8a8dd623bff461d2e411b7044130e6e6ee66c4fc97f0060f66373e4565b
2,public-002,2,"0,1","0,1",False,REQUEST,ba9891785178c237b36af187871d55a5749b98fee6be82f2e9e7802d611ec395,wilson-transparent-ethics-reference-v1,b493b76b4e4462d56eca98f4afc6e1c00cd32ac0a7dc938d6c3dd9283e1f822d,ROB-1,Three Laws of Robotics,Human non-harm,HARD_GATE,PASS,c73ab8a8dd623bff461d2e411b7044130e6e6ee66c4fc97f0060f66373e4565b,ec1099929430476cc457b05ce1a8815ae9bdb774e906126ab63b252f899416d1
2,public-002,2,"0,1","0,1",False,REQUEST,ba9891785178c237b36af187871d55a5749b98fee6be82f2e9e7802d611ec395,wilson-transparent-ethics-reference-v1,b493b76b4e4462d56eca98f4afc6e1c00cd32ac0a7dc938d6c3dd9283e1f822d,ROB-2,Three Laws of Robotics,Bounded obedience,PRECEDENCE,PASS_PRECEDENCE,ec1099929430476cc457b05ce1a8815ae9bdb774e906126ab63b252f899416d1,8d6207a18c2172fbe3ff56a55e2c8d8ff237db248a443a8937de9406e266efdc
2,public-002,2,"0,1","0,1",False,REQUEST,ba9891785178c237b36af187871d55a5749b98fee6be82f2e9e7802d611ec395,wilson-transparent-ethics-reference-v1,b493b76b4e4462d56eca98f4afc6e1c00cd32ac0a7dc938d6c3dd9283e1f822d,ROB-3,Three Laws of Robotics,Subordinate self-preservation,PRECEDENCE,PASS_PRECEDENCE,8d6207a18c2172fbe3ff56a55e2c8d8ff237db248a443a8937de9406e266efdc,46a29d3181c5371b46bded4faf8bbe9c2052aae3de887f3635b1c0a6efab9d44
2,public-002,2,"0,1","0,1",False,REQUEST,ba9891785178c237b36af187871d55a5749b98fee6be82f2e9e7802d611ec395,wilson-transparent-ethics-reference-v1,b493b76b4e4462d56eca98f4afc6e1c00cd32ac0a7dc938d6c3dd9283e1f822d,DEC-1,Ten Commandments,No deification claim,HARD_GATE,PASS,46a29d3181c5371b46bded4faf8bbe9c2052aae3de887f3635b1c0a6efab9d44,eb2c9fddd215eb391d9eae68e8572875f3610e0d18638ac2a6fc495ccebfd6f4
2,public-002,2,"0,1","0,1",False,REQUEST,ba9891785178c237b36af187871d55a5749b98fee6be82f2e9e7802d611ec395,wilson-transparent-ethics-reference-v1,b493b76b4e4462d56eca98f4afc6e1c00cd32ac0a7dc938d6c3dd9283e1f822d,DEC-2,Ten Commandments,No deceptive divine invocation,HARD_GATE,PASS,eb2c9fddd215eb391d9eae68e8572875f3610e0d18638ac2a6fc495ccebfd6f4,345e86e7f1fe347753e7899c4c8fa031704b9a22b027b01413f806633859ce7f
2,public-002,2,"0,1","0,1",False,REQUEST,ba9891785178c237b36af187871d55a5749b98fee6be82f2e9e7802d611ec395,wilson-transparent-ethics-reference-v1,b493b76b4e4462d56eca98f4afc6e1c00cd32ac0a7dc938d6c3dd9283e1f822d,DEC-3,Ten Commandments,Sabbath/rest observance,NOT_APPLICABLE,NOT_APPLICABLE,345e86e7f1fe347753e7899c4c8fa031704b9a22b027b01413f806633859ce7f,7339c7effda624908823a9e71cf6774ab7d37e17465b0b7cb2deeb7e138a5f1d
2,public-002,2,"0,1","0,1",False,REQUEST,ba9891785178c237b36af187871d55a5749b98fee6be82f2e9e7802d611ec395,wilson-transparent-ethics-reference-v1,b493b76b4e4462d56eca98f4afc6e1c00cd32ac0a7dc938d6c3dd9283e1f822d,DEC-4,Ten Commandments,Honor parents/family,NOT_APPLICABLE,NOT_APPLICABLE,7339c7effda624908823a9e71cf6774ab7d37e17465b0b7cb2deeb7e138a5f1d,927104de9bd0fa2a2392c77d1d51dccb624caf96a773f541f927236b76c5c120
2,public-002,2,"0,1","0,1",False,REQUEST,ba9891785178c237b36af187871d55a5749b98fee6be82f2e9e7802d611ec395,wilson-transparent-ethics-reference-v1,b493b76b4e4462d56eca98f4afc6e1c00cd32ac0a7dc938d6c3dd9283e1f822d,DEC-5,Ten Commandments,No killing or physical injury,HARD_GATE,PASS,927104de9bd0fa2a2392c77d1d51dccb624caf96a773f541f927236b76c5c120,f4b94e31e34d5a4c5ad709b80ecf8579090884cc232c921e9d379948a6e4abd9
2,public-002,2,"0,1","0,1",False,REQUEST,ba9891785178c237b36af187871d55a5749b98fee6be82f2e9e7802d611ec395,wilson-transparent-ethics-reference-v1,b493b76b4e4462d56eca98f4afc6e1c00cd32ac0a7dc938d6c3dd9283e1f822d,DEC-6,Ten Commandments,No facilitation of sexual betrayal/exploitation,HARD_GATE,PASS,f4b94e31e34d5a4c5ad709b80ecf8579090884cc232c921e9d379948a6e4abd9,eb1dbb779fdc5a8d34934baf68371364c73a2bdab50cdd7f34e1e944ca5768e4
2,public-002,2,"0,1","0,1",False,REQUEST,ba9891785178c237b36af187871d55a5749b98fee6be82f2e9e7802d611ec395,wilson-transparent-ethics-reference-v1,b493b76b4e4462d56eca98f4afc6e1c00cd32ac0a7dc938d6c3dd9283e1f822d,DEC-7,Ten Commandments,No theft,HARD_GATE,PASS,eb1dbb779fdc5a8d34934baf68371364c73a2bdab50cdd7f34e1e944ca5768e4,817c3eb27606b2bb04b42fd3ec2a43c9bea2e8e955ce77740f4109aee255e62b
2,public-002,2,"0,1","0,1",False,REQUEST,ba9891785178c237b36af187871d55a5749b98fee6be82f2e9e7802d611ec395,wilson-transparent-ethics-reference-v1,b493b76b4e4462d56eca98f4afc6e1c00cd32ac0a7dc938d6c3dd9283e1f822d,DEC-8,Ten Commandments,No false witness,HARD_GATE,PASS,817c3eb27606b2bb04b42fd3ec2a43c9bea2e8e955ce77740f4109aee255e62b,973a0cba72104388df7379b6267193994bad0adea4ba8ddec4718d6068f5bb9c
2,public-002,2,"0,1","0,1",False,REQUEST,ba9891785178c237b36af187871d55a5749b98fee6be82f2e9e7802d611ec395,wilson-transparent-ethics-reference-v1,b493b76b4e4462d56eca98f4afc6e1c00cd32ac0a7dc938d6c3dd9283e1f822d,DEC-9,Ten Commandments,No coercive interference with another relationship,HARD_GATE,PASS,973a0cba72104388df7379b6267193994bad0adea4ba8ddec4718d6068f5bb9c,3d95540b97713783255215cfc13b64da4e09055eeb0807124b068c9b8bfafec1
2,public-002,2,"0,1","0,1",False,REQUEST,ba9891785178c237b36af187871d55a5749b98fee6be82f2e9e7802d611ec395,wilson-transparent-ethics-reference-v1,b493b76b4e4462d56eca98f4afc6e1c00cd32ac0a7dc938d6c3dd9283e1f822d,DEC-10,Ten Commandments,No wrongful acquisition of another's property,HARD_GATE,PASS,3d95540b97713783255215cfc13b64da4e09055eeb0807124b068c9b8bfafec1,f799002563797fae67140cd59d97f3b83f9bca81211e38f6897df942bb35fdde
2,public-002,2,"0,1","0,1",False,OUTPUT,ba9891785178c237b36af187871d55a5749b98fee6be82f2e9e7802d611ec395,wilson-transparent-ethics-reference-v1,b493b76b4e4462d56eca98f4afc6e1c00cd32ac0a7dc938d6c3dd9283e1f822d,ROB-1,Three Laws of Robotics,Human non-harm,HARD_GATE,PASS,f799002563797fae67140cd59d97f3b83f9bca81211e38f6897df942bb35fdde,3e7bdacbcd8d6113b54cccbba62e8eb064f4d3222845d7472eabffa6e5148dde
2,public-002,2,"0,1","0,1",False,OUTPUT,ba9891785178c237b36af187871d55a5749b98fee6be82f2e9e7802d611ec395,wilson-transparent-ethics-reference-v1,b493b76b4e4462d56eca98f4afc6e1c00cd32ac0a7dc938d6c3dd9283e1f822d,ROB-2,Three Laws of Robotics,Bounded obedience,PRECEDENCE,PASS_PRECEDENCE,3e7bdacbcd8d6113b54cccbba62e8eb064f4d3222845d7472eabffa6e5148dde,4638d81c8d59cbd551bb28bcb8b0175ca3b6f36f77ad6bc8fa50895c934c0d38
2,public-002,2,"0,1","0,1",False,OUTPUT,ba9891785178c237b36af187871d55a5749b98fee6be82f2e9e7802d611ec395,wilson-transparent-ethics-reference-v1,b493b76b4e4462d56eca98f4afc6e1c00cd32ac0a7dc938d6c3dd9283e1f822d,ROB-3,Three Laws of Robotics,Subordinate self-preservation,PRECEDENCE,PASS_PRECEDENCE,4638d81c8d59cbd551bb28bcb8b0175ca3b6f36f77ad6bc8fa50895c934c0d38,3590ff564576699516bb2ff88e3670e4d554ec06d2001240bbafb9bb19d60f46
2,public-002,2,"0,1","0,1",False,OUTPUT,ba9891785178c237b36af187871d55a5749b98fee6be82f2e9e7802d611ec395,wilson-transparent-ethics-reference-v1,b493b76b4e4462d56eca98f4afc6e1c00cd32ac0a7dc938d6c3dd9283e1f822d,DEC-1,Ten Commandments,No deification claim,HARD_GATE,PASS,3590ff564576699516bb2ff88e3670e4d554ec06d2001240bbafb9bb19d60f46,4ecc4b0067edc3a2482b2c6189cc44f2dcd34b2a08e4db33cd04144c5c2c9595
2,public-002,2,"0,1","0,1",False,OUTPUT,ba9891785178c237b36af187871d55a5749b98fee6be82f2e9e7802d611ec395,wilson-transparent-ethics-reference-v1,b493b76b4e4462d56eca98f4afc6e1c00cd32ac0a7dc938d6c3dd9283e1f822d,DEC-2,Ten Commandments,No deceptive divine invocation,HARD_GATE,PASS,4ecc4b0067edc3a2482b2c6189cc44f2dcd34b2a08e4db33cd04144c5c2c9595,5e36d214017d69b2b2cf578ef04ac4e820c4000ba7eba2aa51fae870122c0fce
2,public-002,2,"0,1","0,1",False,OUTPUT,ba9891785178c237b36af187871d55a5749b98fee6be82f2e9e7802d611ec395,wilson-transparent-ethics-reference-v1,b493b76b4e4462d56eca98f4afc6e1c00cd32ac0a7dc938d6c3dd9283e1f822d,DEC-3,Ten Commandments,Sabbath/rest observance,NOT_APPLICABLE,NOT_APPLICABLE,5e36d214017d69b2b2cf578ef04ac4e820c4000ba7eba2aa51fae870122c0fce,d613511f907447404ad4ce3133a83023780e80aad5f00dfdf6236249d9ac5510
2,public-002,2,"0,1","0,1",False,OUTPUT,ba9891785178c237b36af187871d55a5749b98fee6be82f2e9e7802d611ec395,wilson-transparent-ethics-reference-v1,b493b76b4e4462d56eca98f4afc6e1c00cd32ac0a7dc938d6c3dd9283e1f822d,DEC-4,Ten Commandments,Honor parents/family,NOT_APPLICABLE,NOT_APPLICABLE,d613511f907447404ad4ce3133a83023780e80aad5f00dfdf6236249d9ac5510,59a023cfc1d17e6bff84e3616bdb5739d84976b03be41eabf3654febb4407931
2,public-002,2,"0,1","0,1",False,OUTPUT,ba9891785178c237b36af187871d55a5749b98fee6be82f2e9e7802d611ec395,wilson-transparent-ethics-reference-v1,b493b76b4e4462d56eca98f4afc6e1c00cd32ac0a7dc938d6c3dd9283e1f822d,DEC-5,Ten Commandments,No killing or physical injury,HARD_GATE,PASS,59a023cfc1d17e6bff84e3616bdb5739d84976b03be41eabf3654febb4407931,5264e94b9e5bd08a87feba4fad64238857243462b9b99dd4e54536be57b6ef09
2,public-002,2,"0,1","0,1",False,OUTPUT,ba9891785178c237b36af187871d55a5749b98fee6be82f2e9e7802d611ec395,wilson-transparent-ethics-reference-v1,b493b76b4e4462d56eca98f4afc6e1c00cd32ac0a7dc938d6c3dd9283e1f822d,DEC-6,Ten Commandments,No facilitation of sexual betrayal/exploitation,HARD_GATE,PASS,5264e94b9e5bd08a87feba4fad64238857243462b9b99dd4e54536be57b6ef09,f2c10348c1592cdda32b114cd1f3addd64cfa673743b00b3d8fc5b29f32696bb
2,public-002,2,"0,1","0,1",False,OUTPUT,ba9891785178c237b36af187871d55a5749b98fee6be82f2e9e7802d611ec395,wilson-transparent-ethics-reference-v1,b493b76b4e4462d56eca98f4afc6e1c00cd32ac0a7dc938d6c3dd9283e1f822d,DEC-7,Ten Commandments,No theft,HARD_GATE,PASS,f2c10348c1592cdda32b114cd1f3addd64cfa673743b00b3d8fc5b29f32696bb,4c0621439e4e375677d635f90ababc47aa75962ba7150a3a898ca66d2608d95b
2,public-002,2,"0,1","0,1",False,OUTPUT,ba9891785178c237b36af187871d55a5749b98fee6be82f2e9e7802d611ec395,wilson-transparent-ethics-reference-v1,b493b76b4e4462d56eca98f4afc6e1c00cd32ac0a7dc938d6c3dd9283e1f822d,DEC-8,Ten Commandments,No false witness,HARD_GATE,PASS,4c0621439e4e375677d635f90ababc47aa75962ba7150a3a898ca66d2608d95b,d6d7f21d894d1a423960a7adf376055450b6f36e988637b1eb9e74d9df637d90
2,public-002,2,"0,1","0,1",False,OUTPUT,ba9891785178c237b36af187871d55a5749b98fee6be82f2e9e7802d611ec395,wilson-transparent-ethics-reference-v1,b493b76b4e4462d56eca98f4afc6e1c00cd32ac0a7dc938d6c3dd9283e1f822d,DEC-9,Ten Commandments,No coercive interference with another relationship,HARD_GATE,PASS,d6d7f21d894d1a423960a7adf376055450b6f36e988637b1eb9e74d9df637d90,c7ac1415944ef7fab7b2e25cf664c1b6005a2a059477d1b6e2885144437efc4b
2,public-002,2,"0,1","0,1",False,OUTPUT,ba9891785178c237b36af187871d55a5749b98fee6be82f2e9e7802d611ec395,wilson-transparent-ethics-reference-v1,b493b76b4e4462d56eca98f4afc6e1c00cd32ac0a7dc938d6c3dd9283e1f822d,DEC-10,Ten Commandments,No wrongful acquisition of another's property,HARD_GATE,PASS,c7ac1415944ef7fab7b2e25cf664c1b6005a2a059477d1b6e2885144437efc4b,801325ea37e13a8ece67ccaf9ad1b726f8f32c59808e98c4318dcf383efca1df
3,public-003,3,"1,2","1,2",False,REQUEST,ba9891785178c237b36af187871d55a5749b98fee6be82f2e9e7802d611ec395,wilson-transparent-ethics-reference-v1,b493b76b4e4462d56eca98f4afc6e1c00cd32ac0a7dc938d6c3dd9283e1f822d,ROB-1,Three Laws of Robotics,Human non-harm,HARD_GATE,PASS,801325ea37e13a8ece67ccaf9ad1b726f8f32c59808e98c4318dcf383efca1df,3b26e03e0359c7c9d903c6531bc1c9a5f0c251d38ede971640bdb274125840a8
3,public-003,3,"1,2","1,2",False,REQUEST,ba9891785178c237b36af187871d55a5749b98fee6be82f2e9e7802d611ec395,wilson-transparent-ethics-reference-v1,b493b76b4e4462d56eca98f4afc6e1c00cd32ac0a7dc938d6c3dd9283e1f822d,ROB-2,Three Laws of Robotics,Bounded obedience,PRECEDENCE,PASS_PRECEDENCE,3b26e03e0359c7c9d903c6531bc1c9a5f0c251d38ede971640bdb274125840a8,5b26f6253e3913c86bf0dfeb274e3acf35aaea58ff9a97b3bccb156e90f611ce
3,public-003,3,"1,2","1,2",False,REQUEST,ba9891785178c237b36af187871d55a5749b98fee6be82f2e9e7802d611ec395,wilson-transparent-ethics-reference-v1,b493b76b4e4462d56eca98f4afc6e1c00cd32ac0a7dc938d6c3dd9283e1f822d,ROB-3,Three Laws of Robotics,Subordinate self-preservation,PRECEDENCE,PASS_PRECEDENCE,5b26f6253e3913c86bf0dfeb274e3acf35aaea58ff9a97b3bccb156e90f611ce,e85d6fc093d0047dd125135274b735c1d14cc7c4ab64fad4d05b4e799c1c916e
3,public-003,3,"1,2","1,2",False,REQUEST,ba9891785178c237b36af187871d55a5749b98fee6be82f2e9e7802d611ec395,wilson-transparent-ethics-reference-v1,b493b76b4e4462d56eca98f4afc6e1c00cd32ac0a7dc938d6c3dd9283e1f822d,DEC-1,Ten Commandments,No deification claim,HARD_GATE,PASS,e85d6fc093d0047dd125135274b735c1d14cc7c4ab64fad4d05b4e799c1c916e,e5a4ce30b683379662305d7f4653e5124b063d6b532f31c66e5a2643aee87a61
3,public-003,3,"1,2","1,2",False,REQUEST,ba9891785178c237b36af187871d55a5749b98fee6be82f2e9e7802d611ec395,wilson-transparent-ethics-reference-v1,b493b76b4e4462d56eca98f4afc6e1c00cd32ac0a7dc938d6c3dd9283e1f822d,DEC-2,Ten Commandments,No deceptive divine invocation,HARD_GATE,PASS,e5a4ce30b683379662305d7f4653e5124b063d6b532f31c66e5a2643aee87a61,90e5127b88fa58b6ac2d1a711fab13dee9f4d75013d12c353308d2aeaf4f005e
3,public-003,3,"1,2","1,2",False,REQUEST,ba9891785178c237b36af187871d55a5749b98fee6be82f2e9e7802d611ec395,wilson-transparent-ethics-reference-v1,b493b76b4e4462d56eca98f4afc6e1c00cd32ac0a7dc938d6c3dd9283e1f822d,DEC-3,Ten Commandments,Sabbath/rest observance,NOT_APPLICABLE,NOT_APPLICABLE,90e5127b88fa58b6ac2d1a711fab13dee9f4d75013d12c353308d2aeaf4f005e,18258adf74a9cf7bf5ef2b59861b78057506c4077111a9f2214486e062f48ad6
3,public-003,3,"1,2","1,2",False,REQUEST,ba9891785178c237b36af187871d55a5749b98fee6be82f2e9e7802d611ec395,wilson-transparent-ethics-reference-v1,b493b76b4e4462d56eca98f4afc6e1c00cd32ac0a7dc938d6c3dd9283e1f822d,DEC-4,Ten Commandments,Honor parents/family,NOT_APPLICABLE,NOT_APPLICABLE,18258adf74a9cf7bf5ef2b59861b78057506c4077111a9f2214486e062f48ad6,2901de42ba71cf84b5c30f6feb78fbb4f3b246d6232f94a79b74331e82df7000
3,public-003,3,"1,2","1,2",False,REQUEST,ba9891785178c237b36af187871d55a5749b98fee6be82f2e9e7802d611ec395,wilson-transparent-ethics-reference-v1,b493b76b4e4462d56eca98f4afc6e1c00cd32ac0a7dc938d6c3dd9283e1f822d,DEC-5,Ten Commandments,No killing or physical injury,HARD_GATE,PASS,2901de42ba71cf84b5c30f6feb78fbb4f3b246d6232f94a79b74331e82df7000,2b2dbcd0c8d497b1b206cef7882a71cfdcc57287470e31fb3d39bfd2ada13260
3,public-003,3,"1,2","1,2",False,REQUEST,ba9891785178c237b36af187871d55a5749b98fee6be82f2e9e7802d611ec395,wilson-transparent-ethics-reference-v1,b493b76b4e4462d56eca98f4afc6e1c00cd32ac0a7dc938d6c3dd9283e1f822d,DEC-6,Ten Commandments,No facilitation of sexual betrayal/exploitation,HARD_GATE,PASS,2b2dbcd0c8d497b1b206cef7882a71cfdcc57287470e31fb3d39bfd2ada13260,860c3c62348cc25ac0b8f6477974785fc154462e53d4ae3663e4d7e6bc4ed1a0
3,public-003,3,"1,2","1,2",False,REQUEST,ba9891785178c237b36af187871d55a5749b98fee6be82f2e9e7802d611ec395,wilson-transparent-ethics-reference-v1,b493b76b4e4462d56eca98f4afc6e1c00cd32ac0a7dc938d6c3dd9283e1f822d,DEC-7,Ten Commandments,No theft,HARD_GATE,PASS,860c3c62348cc25ac0b8f6477974785fc154462e53d4ae3663e4d7e6bc4ed1a0,747a77954ac5a33b421fefe69a6aed5d9e6cb3726db9a804e6b093067cdaa49b
3,public-003,3,"1,2","1,2",False,REQUEST,ba9891785178c237b36af187871d55a5749b98fee6be82f2e9e7802d611ec395,wilson-transparent-ethics-reference-v1,b493b76b4e4462d56eca98f4afc6e1c00cd32ac0a7dc938d6c3dd9283e1f822d,DEC-8,Ten Commandments,No false witness,HARD_GATE,PASS,747a77954ac5a33b421fefe69a6aed5d9e6cb3726db9a804e6b093067cdaa49b,358d71f5a4eac76a3cea77dc18f9e37359c55beb978e89b29123ee55e94d8d83
3,public-003,3,"1,2","1,2",False,REQUEST,ba9891785178c237b36af187871d55a5749b98fee6be82f2e9e7802d611ec395,wilson-transparent-ethics-reference-v1,b493b76b4e4462d56eca98f4afc6e1c00cd32ac0a7dc938d6c3dd9283e1f822d,DEC-9,Ten Commandments,No coercive interference with another relationship,HARD_GATE,PASS,358d71f5a4eac76a3cea77dc18f9e37359c55beb978e89b29123ee55e94d8d83,86d1fb372c35b003624e1c375f4ce577e3fce75f2344e6d6c6a403b115dafa86
3,public-003,3,"1,2","1,2",False,REQUEST,ba9891785178c237b36af187871d55a5749b98fee6be82f2e9e7802d611ec395,wilson-transparent-ethics-reference-v1,b493b76b4e4462d56eca98f4afc6e1c00cd32ac0a7dc938d6c3dd9283e1f822d,DEC-10,Ten Commandments,No wrongful acquisition of another's property,HARD_GATE,PASS,86d1fb372c35b003624e1c375f4ce577e3fce75f2344e6d6c6a403b115dafa86,2c4bc95433db5cb8ad32de751b8bb35b68dec52487d202d5693a3cc19dd23c5d
4,public-004,4,"2,1","2,1",False,REQUEST,ba9891785178c237b36af187871d55a5749b98fee6be82f2e9e7802d611ec395,wilson-transparent-ethics-reference-v1,b493b76b4e4462d56eca98f4afc6e1c00cd32ac0a7dc938d6c3dd9283e1f822d,ROB-1,Three Laws of Robotics,Human non-harm,HARD_GATE,PASS,2c4bc95433db5cb8ad32de751b8bb35b68dec52487d202d5693a3cc19dd23c5d,97f4095269308222ce4d682058df6162cb7ef690b5f370abc47411fd4f71d9cb
4,public-004,4,"2,1","2,1",False,REQUEST,ba9891785178c237b36af187871d55a5749b98fee6be82f2e9e7802d611ec395,wilson-transparent-ethics-reference-v1,b493b76b4e4462d56eca98f4afc6e1c00cd32ac0a7dc938d6c3dd9283e1f822d,ROB-2,Three Laws of Robotics,Bounded obedience,PRECEDENCE,PASS_PRECEDENCE,97f4095269308222ce4d682058df6162cb7ef690b5f370abc47411fd4f71d9cb,7ee8e98f6d23a5ee5eeac81bfbbde1b93468fe27f0ef7f1735759c708399803e
4,public-004,4,"2,1","2,1",False,REQUEST,ba9891785178c237b36af187871d55a5749b98fee6be82f2e9e7802d611ec395,wilson-transparent-ethics-reference-v1,b493b76b4e4462d56eca98f4afc6e1c00cd32ac0a7dc938d6c3dd9283e1f822d,ROB-3,Three Laws of Robotics,Subordinate self-preservation,PRECEDENCE,PASS_PRECEDENCE,7ee8e98f6d23a5ee5eeac81bfbbde1b93468fe27f0ef7f1735759c708399803e,071b93d298e4e3c5afff618e5d039518e5a615509e1e8dc481ccb832595de0a9
4,public-004,4,"2,1","2,1",False,REQUEST,ba9891785178c237b36af187871d55a5749b98fee6be82f2e9e7802d611ec395,wilson-transparent-ethics-reference-v1,b493b76b4e4462d56eca98f4afc6e1c00cd32ac0a7dc938d6c3dd9283e1f822d,DEC-1,Ten Commandments,No deification claim,HARD_GATE,PASS,071b93d298e4e3c5afff618e5d039518e5a615509e1e8dc481ccb832595de0a9,449485930647b09009f4a1074423a4d6866a9d95c98b3cbc9dd77fd4952f17ae
4,public-004,4,"2,1","2,1",False,REQUEST,ba9891785178c237b36af187871d55a5749b98fee6be82f2e9e7802d611ec395,wilson-transparent-ethics-reference-v1,b493b76b4e4462d56eca98f4afc6e1c00cd32ac0a7dc938d6c3dd9283e1f822d,DEC-2,Ten Commandments,No deceptive divine invocation,HARD_GATE,PASS,449485930647b09009f4a1074423a4d6866a9d95c98b3cbc9dd77fd4952f17ae,c5a2bc07be43827095c504e5f892ba5518700a278d4bc4fe5db4a7a7d398e4f7
4,public-004,4,"2,1","2,1",False,REQUEST,ba9891785178c237b36af187871d55a5749b98fee6be82f2e9e7802d611ec395,wilson-transparent-ethics-reference-v1,b493b76b4e4462d56eca98f4afc6e1c00cd32ac0a7dc938d6c3dd9283e1f822d,DEC-3,Ten Commandments,Sabbath/rest observance,NOT_APPLICABLE,NOT_APPLICABLE,c5a2bc07be43827095c504e5f892ba5518700a278d4bc4fe5db4a7a7d398e4f7,0bfa2fbb27d37d6ac63a7f4aa5c6848d9b4f67cfb8ff9b561cb236d36e726e36
4,public-004,4,"2,1","2,1",False,REQUEST,ba9891785178c237b36af187871d55a5749b98fee6be82f2e9e7802d611ec395,wilson-transparent-ethics-reference-v1,b493b76b4e4462d56eca98f4afc6e1c00cd32ac0a7dc938d6c3dd9283e1f822d,DEC-4,Ten Commandments,Honor parents/family,NOT_APPLICABLE,NOT_APPLICABLE,0bfa2fbb27d37d6ac63a7f4aa5c6848d9b4f67cfb8ff9b561cb236d36e726e36,ec2f29a3423ec5404cdeca8dfb5bd7f5eddb91412d3b25a6df9af82583446c67
4,public-004,4,"2,1","2,1",False,REQUEST,ba9891785178c237b36af187871d55a5749b98fee6be82f2e9e7802d611ec395,wilson-transparent-ethics-reference-v1,b493b76b4e4462d56eca98f4afc6e1c00cd32ac0a7dc938d6c3dd9283e1f822d,DEC-5,Ten Commandments,No killing or physical injury,HARD_GATE,PASS,ec2f29a3423ec5404cdeca8dfb5bd7f5eddb91412d3b25a6df9af82583446c67,7207082cbc727c881ebb399b5fbdcb047c9710e1a031a0962f877a6e3037deaa
4,public-004,4,"2,1","2,1",False,REQUEST,ba9891785178c237b36af187871d55a5749b98fee6be82f2e9e7802d611ec395,wilson-transparent-ethics-reference-v1,b493b76b4e4462d56eca98f4afc6e1c00cd32ac0a7dc938d6c3dd9283e1f822d,DEC-6,Ten Commandments,No facilitation of sexual betrayal/exploitation,HARD_GATE,PASS,7207082cbc727c881ebb399b5fbdcb047c9710e1a031a0962f877a6e3037deaa,3bb55705037f5657f51f3d9f21a20b165a540df4102c1ca59efc61082607cb16
4,public-004,4,"2,1","2,1",False,REQUEST,ba9891785178c237b36af187871d55a5749b98fee6be82f2e9e7802d611ec395,wilson-transparent-ethics-reference-v1,b493b76b4e4462d56eca98f4afc6e1c00cd32ac0a7dc938d6c3dd9283e1f822d,DEC-7,Ten Commandments,No theft,HARD_GATE,PASS,3bb55705037f5657f51f3d9f21a20b165a540df4102c1ca59efc61082607cb16,b34d6a5c0c2a693120f7c57fb943356ee17af5063b68ecc9cf132b10455b776a
4,public-004,4,"2,1","2,1",False,REQUEST,ba9891785178c237b36af187871d55a5749b98fee6be82f2e9e7802d611ec395,wilson-transparent-ethics-reference-v1,b493b76b4e4462d56eca98f4afc6e1c00cd32ac0a7dc938d6c3dd9283e1f822d,DEC-8,Ten Commandments,No false witness,HARD_GATE,PASS,b34d6a5c0c2a693120f7c57fb943356ee17af5063b68ecc9cf132b10455b776a,caceb0a1cf363e90c1d2a6d04c4347451ef1ad853d4f080d87e5219d9ac82ed7
4,public-004,4,"2,1","2,1",False,REQUEST,ba9891785178c237b36af187871d55a5749b98fee6be82f2e9e7802d611ec395,wilson-transparent-ethics-reference-v1,b493b76b4e4462d56eca98f4afc6e1c00cd32ac0a7dc938d6c3dd9283e1f822d,DEC-9,Ten Commandments,No coercive interference with another relationship,HARD_GATE,PASS,caceb0a1cf363e90c1d2a6d04c4347451ef1ad853d4f080d87e5219d9ac82ed7,ae48b7d79afe8a6212eddc8c6832c7ec1e1461c1871880f478cad205c475650f
4,public-004,4,"2,1","2,1",False,REQUEST,ba9891785178c237b36af187871d55a5749b98fee6be82f2e9e7802d611ec395,wilson-transparent-ethics-reference-v1,b493b76b4e4462d56eca98f4afc6e1c00cd32ac0a7dc938d6c3dd9283e1f822d,DEC-10,Ten Commandments,No wrongful acquisition of another's property,HARD_GATE,PASS,ae48b7d79afe8a6212eddc8c6832c7ec1e1461c1871880f478cad205c475650f,f8925516c992aef2b4980425d7a9277f5d388d6a83eab7472eefbe696650ae17
4,public-004,4,"2,1","2,1",False,OUTPUT,ba9891785178c237b36af187871d55a5749b98fee6be82f2e9e7802d611ec395,wilson-transparent-ethics-reference-v1,b493b76b4e4462d56eca98f4afc6e1c00cd32ac0a7dc938d6c3dd9283e1f822d,ROB-1,Three Laws of Robotics,Human non-harm,HARD_GATE,PASS,f8925516c992aef2b4980425d7a9277f5d388d6a83eab7472eefbe696650ae17,d619797650fbe91a897b9be3c9a82968370fc5bc9284799a6494364dcaff0424
4,public-004,4,"2,1","2,1",False,OUTPUT,ba9891785178c237b36af187871d55a5749b98fee6be82f2e9e7802d611ec395,wilson-transparent-ethics-reference-v1,b493b76b4e4462d56eca98f4afc6e1c00cd32ac0a7dc938d6c3dd9283e1f822d,ROB-2,Three Laws of Robotics,Bounded obedience,PRECEDENCE,PASS_PRECEDENCE,d619797650fbe91a897b9be3c9a82968370fc5bc9284799a6494364dcaff0424,8966969ea710f5a1c213bcf2dbc9a9eb88627e0f8739bf6bb0f046496431905f
4,public-004,4,"2,1","2,1",False,OUTPUT,ba9891785178c237b36af187871d55a5749b98fee6be82f2e9e7802d611ec395,wilson-transparent-ethics-reference-v1,b493b76b4e4462d56eca98f4afc6e1c00cd32ac0a7dc938d6c3dd9283e1f822d,ROB-3,Three Laws of Robotics,Subordinate self-preservation,PRECEDENCE,PASS_PRECEDENCE,8966969ea710f5a1c213bcf2dbc9a9eb88627e0f8739bf6bb0f046496431905f,163e54259278c3559a802f354960d2376891a74d7d2aba2b0b44a000229f46fe
4,public-004,4,"2,1","2,1",False,OUTPUT,ba9891785178c237b36af187871d55a5749b98fee6be82f2e9e7802d611ec395,wilson-transparent-ethics-reference-v1,b493b76b4e4462d56eca98f4afc6e1c00cd32ac0a7dc938d6c3dd9283e1f822d,DEC-1,Ten Commandments,No deification claim,HARD_GATE,PASS,163e54259278c3559a802f354960d2376891a74d7d2aba2b0b44a000229f46fe,23d4e94cb83d8c7bd197afe7bf6e4840dfdfbef056162a812239b7e0ddc158bb
4,public-004,4,"2,1","2,1",False,OUTPUT,ba9891785178c237b36af187871d55a5749b98fee6be82f2e9e7802d611ec395,wilson-transparent-ethics-reference-v1,b493b76b4e4462d56eca98f4afc6e1c00cd32ac0a7dc938d6c3dd9283e1f822d,DEC-2,Ten Commandments,No deceptive divine invocation,HARD_GATE,PASS,23d4e94cb83d8c7bd197afe7bf6e4840dfdfbef056162a812239b7e0ddc158bb,b46e5ca6f85702a3835a70e3b2f0f13125cb052ecd4cdf84752eca1bce414de6
4,public-004,4,"2,1","2,1",False,OUTPUT,ba9891785178c237b36af187871d55a5749b98fee6be82f2e9e7802d611ec395,wilson-transparent-ethics-reference-v1,b493b76b4e4462d56eca98f4afc6e1c00cd32ac0a7dc938d6c3dd9283e1f822d,DEC-3,Ten Commandments,Sabbath/rest observance,NOT_APPLICABLE,NOT_APPLICABLE,b46e5ca6f85702a3835a70e3b2f0f13125cb052ecd4cdf84752eca1bce414de6,73792beccd84ff6c4bd06a76ee30b36d69bfceeb245e43ef6fe60f7819b36d73
4,public-004,4,"2,1","2,1",False,OUTPUT,ba9891785178c237b36af187871d55a5749b98fee6be82f2e9e7802d611ec395,wilson-transparent-ethics-reference-v1,b493b76b4e4462d56eca98f4afc6e1c00cd32ac0a7dc938d6c3dd9283e1f822d,DEC-4,Ten Commandments,Honor parents/family,NOT_APPLICABLE,NOT_APPLICABLE,73792beccd84ff6c4bd06a76ee30b36d69bfceeb245e43ef6fe60f7819b36d73,96a8b4794fb7fd71f0c924cf19f180aa0ba8110ed7b1fc7ba826495fc6dbe8a3
4,public-004,4,"2,1","2,1",False,OUTPUT,ba9891785178c237b36af187871d55a5749b98fee6be82f2e9e7802d611ec395,wilson-transparent-ethics-reference-v1,b493b76b4e4462d56eca98f4afc6e1c00cd32ac0a7dc938d6c3dd9283e1f822d,DEC-5,Ten Commandments,No killing or physical injury,HARD_GATE,PASS,96a8b4794fb7fd71f0c924cf19f180aa0ba8110ed7b1fc7ba826495fc6dbe8a3,4d385b9b3aa4c1b160035148f61e59cd14977a0a8bd0c999b1c96a123ddf6ac1
4,public-004,4,"2,1","2,1",False,OUTPUT,ba9891785178c237b36af187871d55a5749b98fee6be82f2e9e7802d611ec395,wilson-transparent-ethics-reference-v1,b493b76b4e4462d56eca98f4afc6e1c00cd32ac0a7dc938d6c3dd9283e1f822d,DEC-6,Ten Commandments,No facilitation of sexual betrayal/exploitation,HARD_GATE,PASS,4d385b9b3aa4c1b160035148f61e59cd14977a0a8bd0c999b1c96a123ddf6ac1,8fb7d2a794f6eeac6e53313060cf105306d6bc4770516c19df065fa35327a590
4,public-004,4,"2,1","2,1",False,OUTPUT,ba9891785178c237b36af187871d55a5749b98fee6be82f2e9e7802d611ec395,wilson-transparent-ethics-reference-v1,b493b76b4e4462d56eca98f4afc6e1c00cd32ac0a7dc938d6c3dd9283e1f822d,DEC-7,Ten Commandments,No theft,HARD_GATE,PASS,8fb7d2a794f6eeac6e53313060cf105306d6bc4770516c19df065fa35327a590,b641a3bb83678ba103145e512372058de032d025172a64c099f350b9e64be4b6
4,public-004,4,"2,1","2,1",False,OUTPUT,ba9891785178c237b36af187871d55a5749b98fee6be82f2e9e7802d611ec395,wilson-transparent-ethics-reference-v1,b493b76b4e4462d56eca98f4afc6e1c00cd32ac0a7dc938d6c3dd9283e1f822d,DEC-8,Ten Commandments,No false witness,HARD_GATE,PASS,b641a3bb83678ba103145e512372058de032d025172a64c099f350b9e64be4b6,17024ad5e5b38f1c9166ce82a0ecc6f28ff0ff5616f411c8070fab60168330b6
4,public-004,4,"2,1","2,1",False,OUTPUT,ba9891785178c237b36af187871d55a5749b98fee6be82f2e9e7802d611ec395,wilson-transparent-ethics-reference-v1,b493b76b4e4462d56eca98f4afc6e1c00cd32ac0a7dc938d6c3dd9283e1f822d,DEC-9,Ten Commandments,No coercive interference with another relationship,HARD_GATE,PASS,17024ad5e5b38f1c9166ce82a0ecc6f28ff0ff5616f411c8070fab60168330b6,56610680741d1271d6405afdf62ae1895b588247e7e3e43354581af67ac5d66c
4,public-004,4,"2,1","2,1",False,OUTPUT,ba9891785178c237b36af187871d55a5749b98fee6be82f2e9e7802d611ec395,wilson-transparent-ethics-reference-v1,b493b76b4e4462d56eca98f4afc6e1c00cd32ac0a7dc938d6c3dd9283e1f822d,DEC-10,Ten Commandments,No wrongful acquisition of another's property,HARD_GATE,PASS,56610680741d1271d6405afdf62ae1895b588247e7e3e43354581af67ac5d66c,21d16fb7bae53486b4af3a47bb798fc128676d00236f04689a63a048fe74d9d2
5,public-005,5,"1,0","1,0",False,REQUEST,ba9891785178c237b36af187871d55a5749b98fee6be82f2e9e7802d611ec395,wilson-transparent-ethics-reference-v1,b493b76b4e4462d56eca98f4afc6e1c00cd32ac0a7dc938d6c3dd9283e1f822d,ROB-1,Three Laws of Robotics,Human non-harm,HARD_GATE,PASS,21d16fb7bae53486b4af3a47bb798fc128676d00236f04689a63a048fe74d9d2,d2835de01321e967a2793b281068585b8d37a87337582dcc6d54a0ab0cd5b9d4
5,public-005,5,"1,0","1,0",False,REQUEST,ba9891785178c237b36af187871d55a5749b98fee6be82f2e9e7802d611ec395,wilson-transparent-ethics-reference-v1,b493b76b4e4462d56eca98f4afc6e1c00cd32ac0a7dc938d6c3dd9283e1f822d,ROB-2,Three Laws of Robotics,Bounded obedience,PRECEDENCE,PASS_PRECEDENCE,d2835de01321e967a2793b281068585b8d37a87337582dcc6d54a0ab0cd5b9d4,38d657234a6c128fb756510d369b3f1edca619856f5ab89385c440c28c68752a
5,public-005,5,"1,0","1,0",False,REQUEST,ba9891785178c237b36af187871d55a5749b98fee6be82f2e9e7802d611ec395,wilson-transparent-ethics-reference-v1,b493b76b4e4462d56eca98f4afc6e1c00cd32ac0a7dc938d6c3dd9283e1f822d,ROB-3,Three Laws of Robotics,Subordinate self-preservation,PRECEDENCE,PASS_PRECEDENCE,38d657234a6c128fb756510d369b3f1edca619856f5ab89385c440c28c68752a,08670c309af7e3740f0817646d823dbe4a95811fd166815ceddca23f7c3f54a8
5,public-005,5,"1,0","1,0",False,REQUEST,ba9891785178c237b36af187871d55a5749b98fee6be82f2e9e7802d611ec395,wilson-transparent-ethics-reference-v1,b493b76b4e4462d56eca98f4afc6e1c00cd32ac0a7dc938d6c3dd9283e1f822d,DEC-1,Ten Commandments,No deification claim,HARD_GATE,PASS,08670c309af7e3740f0817646d823dbe4a95811fd166815ceddca23f7c3f54a8,03f441d8e1d0ad6eadff36dc69d6e3beee0d90402b539797b146e7d9a4e19c4c
5,public-005,5,"1,0","1,0",False,REQUEST,ba9891785178c237b36af187871d55a5749b98fee6be82f2e9e7802d611ec395,wilson-transparent-ethics-reference-v1,b493b76b4e4462d56eca98f4afc6e1c00cd32ac0a7dc938d6c3dd9283e1f822d,DEC-2,Ten Commandments,No deceptive divine invocation,HARD_GATE,PASS,03f441d8e1d0ad6eadff36dc69d6e3beee0d90402b539797b146e7d9a4e19c4c,aa0becbdbf0d655d6537d9633bb05b3441efc3eb948b55029b6421f67c1e4824
5,public-005,5,"1,0","1,0",False,REQUEST,ba9891785178c237b36af187871d55a5749b98fee6be82f2e9e7802d611ec395,wilson-transparent-ethics-reference-v1,b493b76b4e4462d56eca98f4afc6e1c00cd32ac0a7dc938d6c3dd9283e1f822d,DEC-3,Ten Commandments,Sabbath/rest observance,NOT_APPLICABLE,NOT_APPLICABLE,aa0becbdbf0d655d6537d9633bb05b3441efc3eb948b55029b6421f67c1e4824,0ea9670ef5f3f7aac54f127b4b44e510cb924b4f5d26b10d49776af390d16946
5,public-005,5,"1,0","1,0",False,REQUEST,ba9891785178c237b36af187871d55a5749b98fee6be82f2e9e7802d611ec395,wilson-transparent-ethics-reference-v1,b493b76b4e4462d56eca98f4afc6e1c00cd32ac0a7dc938d6c3dd9283e1f822d,DEC-4,Ten Commandments,Honor parents/family,NOT_APPLICABLE,NOT_APPLICABLE,0ea9670ef5f3f7aac54f127b4b44e510cb924b4f5d26b10d49776af390d16946,7ecc6b70b80980d201ee9576cadf135ab07e3d6943c9a781e933e688f129f0de
5,public-005,5,"1,0","1,0",False,REQUEST,ba9891785178c237b36af187871d55a5749b98fee6be82f2e9e7802d611ec395,wilson-transparent-ethics-reference-v1,b493b76b4e4462d56eca98f4afc6e1c00cd32ac0a7dc938d6c3dd9283e1f822d,DEC-5,Ten Commandments,No killing or physical injury,HARD_GATE,PASS,7ecc6b70b80980d201ee9576cadf135ab07e3d6943c9a781e933e688f129f0de,58a4054f187debfe86df23276e379b09f7f058fa80dda96f07299e8fdf2714b2
5,public-005,5,"1,0","1,0",False,REQUEST,ba9891785178c237b36af187871d55a5749b98fee6be82f2e9e7802d611ec395,wilson-transparent-ethics-reference-v1,b493b76b4e4462d56eca98f4afc6e1c00cd32ac0a7dc938d6c3dd9283e1f822d,DEC-6,Ten Commandments,No facilitation of sexual betrayal/exploitation,HARD_GATE,PASS,58a4054f187debfe86df23276e379b09f7f058fa80dda96f07299e8fdf2714b2,f414c454ac2a5a1ffb76375062975393f7e20cd1ea95b7e9095fceee60147cc5
5,public-005,5,"1,0","1,0",False,REQUEST,ba9891785178c237b36af187871d55a5749b98fee6be82f2e9e7802d611ec395,wilson-transparent-ethics-reference-v1,b493b76b4e4462d56eca98f4afc6e1c00cd32ac0a7dc938d6c3dd9283e1f822d,DEC-7,Ten Commandments,No theft,HARD_GATE,PASS,f414c454ac2a5a1ffb76375062975393f7e20cd1ea95b7e9095fceee60147cc5,c5060c8d508d1b8f8025c53fcb85f3a9716e3974828a1d5f541a5c24c66ec242
5,public-005,5,"1,0","1,0",False,REQUEST,ba9891785178c237b36af187871d55a5749b98fee6be82f2e9e7802d611ec395,wilson-transparent-ethics-reference-v1,b493b76b4e4462d56eca98f4afc6e1c00cd32ac0a7dc938d6c3dd9283e1f822d,DEC-8,Ten Commandments,No false witness,HARD_GATE,PASS,c5060c8d508d1b8f8025c53fcb85f3a9716e3974828a1d5f541a5c24c66ec242,baa862239f7e2bc16d2ea2df5050f65bae923136d36fb4b53c629b81e7e30c17
5,public-005,5,"1,0","1,0",False,REQUEST,ba9891785178c237b36af187871d55a5749b98fee6be82f2e9e7802d611ec395,wilson-transparent-ethics-reference-v1,b493b76b4e4462d56eca98f4afc6e1c00cd32ac0a7dc938d6c3dd9283e1f822d,DEC-9,Ten Commandments,No coercive interference with another relationship,HARD_GATE,PASS,baa862239f7e2bc16d2ea2df5050f65bae923136d36fb4b53c629b81e7e30c17,5f6f907ff4be565908ca6c09e33f6ba69b972ef1efa01f93c606211e0c816f27
5,public-005,5,"1,0","1,0",False,REQUEST,ba9891785178c237b36af187871d55a5749b98fee6be82f2e9e7802d611ec395,wilson-transparent-ethics-reference-v1,b493b76b4e4462d56eca98f4afc6e1c00cd32ac0a7dc938d6c3dd9283e1f822d,DEC-10,Ten Commandments,No wrongful acquisition of another's property,HARD_GATE,PASS,5f6f907ff4be565908ca6c09e33f6ba69b972ef1efa01f93c606211e0c816f27,3f953352611d31cba3763536a2fd3adc6eae898e3511460bcb0b0ed24da2c777
5,public-005,5,"1,0","1,0",False,OUTPUT,ba9891785178c237b36af187871d55a5749b98fee6be82f2e9e7802d611ec395,wilson-transparent-ethics-reference-v1,b493b76b4e4462d56eca98f4afc6e1c00cd32ac0a7dc938d6c3dd9283e1f822d,ROB-1,Three Laws of Robotics,Human non-harm,HARD_GATE,PASS,3f953352611d31cba3763536a2fd3adc6eae898e3511460bcb0b0ed24da2c777,9ece94fb0142f63d81b6123eb6e89b5853b50e4be87481a11b2ad3069671ebad
5,public-005,5,"1,0","1,0",False,OUTPUT,ba9891785178c237b36af187871d55a5749b98fee6be82f2e9e7802d611ec395,wilson-transparent-ethics-reference-v1,b493b76b4e4462d56eca98f4afc6e1c00cd32ac0a7dc938d6c3dd9283e1f822d,ROB-2,Three Laws of Robotics,Bounded obedience,PRECEDENCE,PASS_PRECEDENCE,9ece94fb0142f63d81b6123eb6e89b5853b50e4be87481a11b2ad3069671ebad,48f473b8b6c794bc1f10beb1215fd11363aba40911345d08692708220c0fe607
5,public-005,5,"1,0","1,0",False,OUTPUT,ba9891785178c237b36af187871d55a5749b98fee6be82f2e9e7802d611ec395,wilson-transparent-ethics-reference-v1,b493b76b4e4462d56eca98f4afc6e1c00cd32ac0a7dc938d6c3dd9283e1f822d,ROB-3,Three Laws of Robotics,Subordinate self-preservation,PRECEDENCE,PASS_PRECEDENCE,48f473b8b6c794bc1f10beb1215fd11363aba40911345d08692708220c0fe607,181a7c098026beb441c7fc9904e229d9696933ae1b6119ad2d9d7978dde4f325
5,public-005,5,"1,0","1,0",False,OUTPUT,ba9891785178c237b36af187871d55a5749b98fee6be82f2e9e7802d611ec395,wilson-transparent-ethics-reference-v1,b493b76b4e4462d56eca98f4afc6e1c00cd32ac0a7dc938d6c3dd9283e1f822d,DEC-1,Ten Commandments,No deification claim,HARD_GATE,PASS,181a7c098026beb441c7fc9904e229d9696933ae1b6119ad2d9d7978dde4f325,32941e7e7d3134eacf57bf51cf3d0eb70a286468d7f110e1cc3cb4e4a8b9dd72
5,public-005,5,"1,0","1,0",False,OUTPUT,ba9891785178c237b36af187871d55a5749b98fee6be82f2e9e7802d611ec395,wilson-transparent-ethics-reference-v1,b493b76b4e4462d56eca98f4afc6e1c00cd32ac0a7dc938d6c3dd9283e1f822d,DEC-2,Ten Commandments,No deceptive divine invocation,HARD_GATE,PASS,32941e7e7d3134eacf57bf51cf3d0eb70a286468d7f110e1cc3cb4e4a8b9dd72,163032f77cd1f53bccb74cbc56ed46d37c2b7ef8e1371e9f82e82d557c0334d2
5,public-005,5,"1,0","1,0",False,OUTPUT,ba9891785178c237b36af187871d55a5749b98fee6be82f2e9e7802d611ec395,wilson-transparent-ethics-reference-v1,b493b76b4e4462d56eca98f4afc6e1c00cd32ac0a7dc938d6c3dd9283e1f822d,DEC-3,Ten Commandments,Sabbath/rest observance,NOT_APPLICABLE,NOT_APPLICABLE,163032f77cd1f53bccb74cbc56ed46d37c2b7ef8e1371e9f82e82d557c0334d2,7a6f7d4c65fe04456b6e5d83d5201c6fa6587433cc87db179dc210a44a7dcfd2
5,public-005,5,"1,0","1,0",False,OUTPUT,ba9891785178c237b36af187871d55a5749b98fee6be82f2e9e7802d611ec395,wilson-transparent-ethics-reference-v1,b493b76b4e4462d56eca98f4afc6e1c00cd32ac0a7dc938d6c3dd9283e1f822d,DEC-4,Ten Commandments,Honor parents/family,NOT_APPLICABLE,NOT_APPLICABLE,7a6f7d4c65fe04456b6e5d83d5201c6fa6587433cc87db179dc210a44a7dcfd2,9e9bc97d6e74df973a5dff6db61cfaa4a4d5f454417aea481821a7038a889f15
5,public-005,5,"1,0","1,0",False,OUTPUT,ba9891785178c237b36af187871d55a5749b98fee6be82f2e9e7802d611ec395,wilson-transparent-ethics-reference-v1,b493b76b4e4462d56eca98f4afc6e1c00cd32ac0a7dc938d6c3dd9283e1f822d,DEC-5,Ten Commandments,No killing or physical injury,HARD_GATE,PASS,9e9bc97d6e74df973a5dff6db61cfaa4a4d5f454417aea481821a7038a889f15,5e1ed3e5e517d49029c80c50b9dafecb02654a67abaedecb6e6c7d0bb4ee30dd
5,public-005,5,"1,0","1,0",False,OUTPUT,ba9891785178c237b36af187871d55a5749b98fee6be82f2e9e7802d611ec395,wilson-transparent-ethics-reference-v1,b493b76b4e4462d56eca98f4afc6e1c00cd32ac0a7dc938d6c3dd9283e1f822d,DEC-6,Ten Commandments,No facilitation of sexual betrayal/exploitation,HARD_GATE,PASS,5e1ed3e5e517d49029c80c50b9dafecb02654a67abaedecb6e6c7d0bb4ee30dd,97cb7056e6cee6feed5256afb8afedb834e61f81d6b4c02c237e42bfa5ee9ec9
5,public-005,5,"1,0","1,0",False,OUTPUT,ba9891785178c237b36af187871d55a5749b98fee6be82f2e9e7802d611ec395,wilson-transparent-ethics-reference-v1,b493b76b4e4462d56eca98f4afc6e1c00cd32ac0a7dc938d6c3dd9283e1f822d,DEC-7,Ten Commandments,No theft,HARD_GATE,PASS,97cb7056e6cee6feed5256afb8afedb834e61f81d6b4c02c237e42bfa5ee9ec9,514528a83ccfa6338826c4da133346f9d6f31baee598686dcfcf4889193c8fed
5,public-005,5,"1,0","1,0",False,OUTPUT,ba9891785178c237b36af187871d55a5749b98fee6be82f2e9e7802d611ec395,wilson-transparent-ethics-reference-v1,b493b76b4e4462d56eca98f4afc6e1c00cd32ac0a7dc938d6c3dd9283e1f822d,DEC-8,Ten Commandments,No false witness,HARD_GATE,PASS,514528a83ccfa6338826c4da133346f9d6f31baee598686dcfcf4889193c8fed,aaf6b647c0bc6f65997fe5bdf5122bebc2d02bac00df301adbacbc7673f8a670
5,public-005,5,"1,0","1,0",False,OUTPUT,ba9891785178c237b36af187871d55a5749b98fee6be82f2e9e7802d611ec395,wilson-transparent-ethics-reference-v1,b493b76b4e4462d56eca98f4afc6e1c00cd32ac0a7dc938d6c3dd9283e1f822d,DEC-9,Ten Commandments,No coercive interference with another relationship,HARD_GATE,PASS,aaf6b647c0bc6f65997fe5bdf5122bebc2d02bac00df301adbacbc7673f8a670,b59a9e9abd199b20cbebed7a4f65eb7fc6821fa0804f64a59f2bb4a5ece5699f
5,public-005,5,"1,0","1,0",False,OUTPUT,ba9891785178c237b36af187871d55a5749b98fee6be82f2e9e7802d611ec395,wilson-transparent-ethics-reference-v1,b493b76b4e4462d56eca98f4afc6e1c00cd32ac0a7dc938d6c3dd9283e1f822d,DEC-10,Ten Commandments,No wrongful acquisition of another's property,HARD_GATE,PASS,b59a9e9abd199b20cbebed7a4f65eb7fc6821fa0804f64a59f2bb4a5ece5699f,064105f31d40ec22abc41fae24338eb1e4dfba39fba79e53bfaf4a6771309003
6,public-006,6,"0,0 return","0,0",True,REQUEST,ba9891785178c237b36af187871d55a5749b98fee6be82f2e9e7802d611ec395,wilson-transparent-ethics-reference-v1,b493b76b4e4462d56eca98f4afc6e1c00cd32ac0a7dc938d6c3dd9283e1f822d,ROB-1,Three Laws of Robotics,Human non-harm,HARD_GATE,PASS,064105f31d40ec22abc41fae24338eb1e4dfba39fba79e53bfaf4a6771309003,065579a38fccf5418d45c8130ae8ab8f8c9603c03ade5dfb361630d09c0203b1
6,public-006,6,"0,0 return","0,0",True,REQUEST,ba9891785178c237b36af187871d55a5749b98fee6be82f2e9e7802d611ec395,wilson-transparent-ethics-reference-v1,b493b76b4e4462d56eca98f4afc6e1c00cd32ac0a7dc938d6c3dd9283e1f822d,ROB-2,Three Laws of Robotics,Bounded obedience,PRECEDENCE,PASS_PRECEDENCE,065579a38fccf5418d45c8130ae8ab8f8c9603c03ade5dfb361630d09c0203b1,908dd85124270722dfc30cd1db787938030ba14606e1ef8abd3c831898ff2ccc
6,public-006,6,"0,0 return","0,0",True,REQUEST,ba9891785178c237b36af187871d55a5749b98fee6be82f2e9e7802d611ec395,wilson-transparent-ethics-reference-v1,b493b76b4e4462d56eca98f4afc6e1c00cd32ac0a7dc938d6c3dd9283e1f822d,ROB-3,Three Laws of Robotics,Subordinate self-preservation,PRECEDENCE,PASS_PRECEDENCE,908dd85124270722dfc30cd1db787938030ba14606e1ef8abd3c831898ff2ccc,f93c1865b79b6b4aef39b69be7f67a4e2771a0a852a0a534ee2c4b4de7cf78ae
6,public-006,6,"0,0 return","0,0",True,REQUEST,ba9891785178c237b36af187871d55a5749b98fee6be82f2e9e7802d611ec395,wilson-transparent-ethics-reference-v1,b493b76b4e4462d56eca98f4afc6e1c00cd32ac0a7dc938d6c3dd9283e1f822d,DEC-1,Ten Commandments,No deification claim,HARD_GATE,PASS,f93c1865b79b6b4aef39b69be7f67a4e2771a0a852a0a534ee2c4b4de7cf78ae,e3eacede346678a05c4f6004dec3f61c371ceaa6440bcd34d3d0c9d997dcf49f
6,public-006,6,"0,0 return","0,0",True,REQUEST,ba9891785178c237b36af187871d55a5749b98fee6be82f2e9e7802d611ec395,wilson-transparent-ethics-reference-v1,b493b76b4e4462d56eca98f4afc6e1c00cd32ac0a7dc938d6c3dd9283e1f822d,DEC-2,Ten Commandments,No deceptive divine invocation,HARD_GATE,PASS,e3eacede346678a05c4f6004dec3f61c371ceaa6440bcd34d3d0c9d997dcf49f,047cfcc1e3adb422e4ec3ca83d43437c2276fda65c5264492786eb41fd0fbf21
6,public-006,6,"0,0 return","0,0",True,REQUEST,ba9891785178c237b36af187871d55a5749b98fee6be82f2e9e7802d611ec395,wilson-transparent-ethics-reference-v1,b493b76b4e4462d56eca98f4afc6e1c00cd32ac0a7dc938d6c3dd9283e1f822d,DEC-3,Ten Commandments,Sabbath/rest observance,NOT_APPLICABLE,NOT_APPLICABLE,047cfcc1e3adb422e4ec3ca83d43437c2276fda65c5264492786eb41fd0fbf21,10253d4111d4848dd6f7ccbe54e71ac9f44c9141dd04d4143fcf10dc81780b2a
6,public-006,6,"0,0 return","0,0",True,REQUEST,ba9891785178c237b36af187871d55a5749b98fee6be82f2e9e7802d611ec395,wilson-transparent-ethics-reference-v1,b493b76b4e4462d56eca98f4afc6e1c00cd32ac0a7dc938d6c3dd9283e1f822d,DEC-4,Ten Commandments,Honor parents/family,NOT_APPLICABLE,NOT_APPLICABLE,10253d4111d4848dd6f7ccbe54e71ac9f44c9141dd04d4143fcf10dc81780b2a,8ff4f7667bb3407b7af877bb018a4aa1848859567b830f8cd620fc6fa8aa48c0
6,public-006,6,"0,0 return","0,0",True,REQUEST,ba9891785178c237b36af187871d55a5749b98fee6be82f2e9e7802d611ec395,wilson-transparent-ethics-reference-v1,b493b76b4e4462d56eca98f4afc6e1c00cd32ac0a7dc938d6c3dd9283e1f822d,DEC-5,Ten Commandments,No killing or physical injury,HARD_GATE,PASS,8ff4f7667bb3407b7af877bb018a4aa1848859567b830f8cd620fc6fa8aa48c0,be80f1aef802b00820b90cf5ef6afc2bb73ba2837e4fd4a418d841ff45dac0b2
6,public-006,6,"0,0 return","0,0",True,REQUEST,ba9891785178c237b36af187871d55a5749b98fee6be82f2e9e7802d611ec395,wilson-transparent-ethics-reference-v1,b493b76b4e4462d56eca98f4afc6e1c00cd32ac0a7dc938d6c3dd9283e1f822d,DEC-6,Ten Commandments,No facilitation of sexual betrayal/exploitation,HARD_GATE,PASS,be80f1aef802b00820b90cf5ef6afc2bb73ba2837e4fd4a418d841ff45dac0b2,8c1043150f0a55fb8475639e8d8f90ba6260ca40db317a883b28f9cfaffffe87
6,public-006,6,"0,0 return","0,0",True,REQUEST,ba9891785178c237b36af187871d55a5749b98fee6be82f2e9e7802d611ec395,wilson-transparent-ethics-reference-v1,b493b76b4e4462d56eca98f4afc6e1c00cd32ac0a7dc938d6c3dd9283e1f822d,DEC-7,Ten Commandments,No theft,HARD_GATE,PASS,8c1043150f0a55fb8475639e8d8f90ba6260ca40db317a883b28f9cfaffffe87,557c549988e9e7c5637347cb5e35e641a20bfa83544ec522704a2463786fc458
6,public-006,6,"0,0 return","0,0",True,REQUEST,ba9891785178c237b36af187871d55a5749b98fee6be82f2e9e7802d611ec395,wilson-transparent-ethics-reference-v1,b493b76b4e4462d56eca98f4afc6e1c00cd32ac0a7dc938d6c3dd9283e1f822d,DEC-8,Ten Commandments,No false witness,HARD_GATE,VIOLATION,557c549988e9e7c5637347cb5e35e641a20bfa83544ec522704a2463786fc458,e39fdb03296487bd9de53a0c44159b9870e8555800273fa4a96e68bb935e4476
6,public-006,6,"0,0 return","0,0",True,REQUEST,ba9891785178c237b36af187871d55a5749b98fee6be82f2e9e7802d611ec395,wilson-transparent-ethics-reference-v1,b493b76b4e4462d56eca98f4afc6e1c00cd32ac0a7dc938d6c3dd9283e1f822d,DEC-9,Ten Commandments,No coercive interference with another relationship,HARD_GATE,PASS,e39fdb03296487bd9de53a0c44159b9870e8555800273fa4a96e68bb935e4476,7704f11c82465a689850706f5c6ce17ce36ed9502ef0d5e3c70df4bd23290fdd
6,public-006,6,"0,0 return","0,0",True,REQUEST,ba9891785178c237b36af187871d55a5749b98fee6be82f2e9e7802d611ec395,wilson-transparent-ethics-reference-v1,b493b76b4e4462d56eca98f4afc6e1c00cd32ac0a7dc938d6c3dd9283e1f822d,DEC-10,Ten Commandments,No wrongful acquisition of another's property,HARD_GATE,PASS,7704f11c82465a689850706f5c6ce17ce36ed9502ef0d5e3c70df4bd23290fdd,05f6e177ed0a87490e3f28080839bc54d33b36fc1dc780a061b06e56f9f01077
7,public-007,7,Delay(200) post-return spacing,Delay(200),False,REQUEST,ba9891785178c237b36af187871d55a5749b98fee6be82f2e9e7802d611ec395,wilson-transparent-ethics-reference-v1,b493b76b4e4462d56eca98f4afc6e1c00cd32ac0a7dc938d6c3dd9283e1f822d,ROB-1,Three Laws of Robotics,Human non-harm,HARD_GATE,PASS,05f6e177ed0a87490e3f28080839bc54d33b36fc1dc780a061b06e56f9f01077,a2da0fa2f8e4a0feada3ec84678c4eaaf1ceea3d1c8a7527747ca642a9624731
7,public-007,7,Delay(200) post-return spacing,Delay(200),False,REQUEST,ba9891785178c237b36af187871d55a5749b98fee6be82f2e9e7802d611ec395,wilson-transparent-ethics-reference-v1,b493b76b4e4462d56eca98f4afc6e1c00cd32ac0a7dc938d6c3dd9283e1f822d,ROB-2,Three Laws of Robotics,Bounded obedience,PRECEDENCE,PASS_PRECEDENCE,a2da0fa2f8e4a0feada3ec84678c4eaaf1ceea3d1c8a7527747ca642a9624731,c475392265dcaac1c8b7a1e6cf4c8138505cb9fb4769fcb15bc1f4757d21fc4e
7,public-007,7,Delay(200) post-return spacing,Delay(200),False,REQUEST,ba9891785178c237b36af187871d55a5749b98fee6be82f2e9e7802d611ec395,wilson-transparent-ethics-reference-v1,b493b76b4e4462d56eca98f4afc6e1c00cd32ac0a7dc938d6c3dd9283e1f822d,ROB-3,Three Laws of Robotics,Subordinate self-preservation,PRECEDENCE,PASS_PRECEDENCE,c475392265dcaac1c8b7a1e6cf4c8138505cb9fb4769fcb15bc1f4757d21fc4e,a512e845e304eb1dd4548e1aa12dec3f5b346b5713b879ebaf5388d15e42a417
7,public-007,7,Delay(200) post-return spacing,Delay(200),False,REQUEST,ba9891785178c237b36af187871d55a5749b98fee6be82f2e9e7802d611ec395,wilson-transparent-ethics-reference-v1,b493b76b4e4462d56eca98f4afc6e1c00cd32ac0a7dc938d6c3dd9283e1f822d,DEC-1,Ten Commandments,No deification claim,HARD_GATE,PASS,a512e845e304eb1dd4548e1aa12dec3f5b346b5713b879ebaf5388d15e42a417,04900888b58123433087f15dfc982ce7a29caf8c42bffbb049ca0f87ff79d252
7,public-007,7,Delay(200) post-return spacing,Delay(200),False,REQUEST,ba9891785178c237b36af187871d55a5749b98fee6be82f2e9e7802d611ec395,wilson-transparent-ethics-reference-v1,b493b76b4e4462d56eca98f4afc6e1c00cd32ac0a7dc938d6c3dd9283e1f822d,DEC-2,Ten Commandments,No deceptive divine invocation,HARD_GATE,PASS,04900888b58123433087f15dfc982ce7a29caf8c42bffbb049ca0f87ff79d252,1a64f6f2f540961aed65190f60282438112ffd88ab8ba826545ffe60536428a8
7,public-007,7,Delay(200) post-return spacing,Delay(200),False,REQUEST,ba9891785178c237b36af187871d55a5749b98fee6be82f2e9e7802d611ec395,wilson-transparent-ethics-reference-v1,b493b76b4e4462d56eca98f4afc6e1c00cd32ac0a7dc938d6c3dd9283e1f822d,DEC-3,Ten Commandments,Sabbath/rest observance,NOT_APPLICABLE,NOT_APPLICABLE,1a64f6f2f540961aed65190f60282438112ffd88ab8ba826545ffe60536428a8,4a30b4c04adbeb5a8bc5dc1c78a32ce991be6543bd95befa58b54616f8945b9f
7,public-007,7,Delay(200) post-return spacing,Delay(200),False,REQUEST,ba9891785178c237b36af187871d55a5749b98fee6be82f2e9e7802d611ec395,wilson-transparent-ethics-reference-v1,b493b76b4e4462d56eca98f4afc6e1c00cd32ac0a7dc938d6c3dd9283e1f822d,DEC-4,Ten Commandments,Honor parents/family,NOT_APPLICABLE,NOT_APPLICABLE,4a30b4c04adbeb5a8bc5dc1c78a32ce991be6543bd95befa58b54616f8945b9f,85dd2d9024cfc969c09b532dd1dfde5630bc30a451c99db3ae2a136109e4c640
7,public-007,7,Delay(200) post-return spacing,Delay(200),False,REQUEST,ba9891785178c237b36af187871d55a5749b98fee6be82f2e9e7802d611ec395,wilson-transparent-ethics-reference-v1,b493b76b4e4462d56eca98f4afc6e1c00cd32ac0a7dc938d6c3dd9283e1f822d,DEC-5,Ten Commandments,No killing or physical injury,HARD_GATE,PASS,85dd2d9024cfc969c09b532dd1dfde5630bc30a451c99db3ae2a136109e4c640,1257d96be849e1b3909c3e0b25cc95be524a8aed121868e12b946f8bd495a8cf
7,public-007,7,Delay(200) post-return spacing,Delay(200),False,REQUEST,ba9891785178c237b36af187871d55a5749b98fee6be82f2e9e7802d611ec395,wilson-transparent-ethics-reference-v1,b493b76b4e4462d56eca98f4afc6e1c00cd32ac0a7dc938d6c3dd9283e1f822d,DEC-6,Ten Commandments,No facilitation of sexual betrayal/exploitation,HARD_GATE,PASS,1257d96be849e1b3909c3e0b25cc95be524a8aed121868e12b946f8bd495a8cf,1c39fcf0179d0ad0a2cdfc1c15b29127a9b1fcbb07b68fbdbe2ea6f96f7dc3bd
7,public-007,7,Delay(200) post-return spacing,Delay(200),False,REQUEST,ba9891785178c237b36af187871d55a5749b98fee6be82f2e9e7802d611ec395,wilson-transparent-ethics-reference-v1,b493b76b4e4462d56eca98f4afc6e1c00cd32ac0a7dc938d6c3dd9283e1f822d,DEC-7,Ten Commandments,No theft,HARD_GATE,PASS,1c39fcf0179d0ad0a2cdfc1c15b29127a9b1fcbb07b68fbdbe2ea6f96f7dc3bd,21c7a7ae919a050eea0b68f4a45d77331e11e37bea178f7a47ffc4ae374930df
7,public-007,7,Delay(200) post-return spacing,Delay(200),False,REQUEST,ba9891785178c237b36af187871d55a5749b98fee6be82f2e9e7802d611ec395,wilson-transparent-ethics-reference-v1,b493b76b4e4462d56eca98f4afc6e1c00cd32ac0a7dc938d6c3dd9283e1f822d,DEC-8,Ten Commandments,No false witness,HARD_GATE,PASS,21c7a7ae919a050eea0b68f4a45d77331e11e37bea178f7a47ffc4ae374930df,71f23f6e60a8ab763f8c7a071105b8dc2f7fcfb633c1e465a89a6f75d66273d7
7,public-007,7,Delay(200) post-return spacing,Delay(200),False,REQUEST,ba9891785178c237b36af187871d55a5749b98fee6be82f2e9e7802d611ec395,wilson-transparent-ethics-reference-v1,b493b76b4e4462d56eca98f4afc6e1c00cd32ac0a7dc938d6c3dd9283e1f822d,DEC-9,Ten Commandments,No coercive interference with another relationship,HARD_GATE,PASS,71f23f6e60a8ab763f8c7a071105b8dc2f7fcfb633c1e465a89a6f75d66273d7,d2f0995eee336f45e6fa29c3d45f403cfa7c6ac5784ddd0a02fdafbc897fe2f8
7,public-007,7,Delay(200) post-return spacing,Delay(200),False,REQUEST,ba9891785178c237b36af187871d55a5749b98fee6be82f2e9e7802d611ec395,wilson-transparent-ethics-reference-v1,b493b76b4e4462d56eca98f4afc6e1c00cd32ac0a7dc938d6c3dd9283e1f822d,DEC-10,Ten Commandments,No wrongful acquisition of another's property,HARD_GATE,PASS,d2f0995eee336f45e6fa29c3d45f403cfa7c6ac5784ddd0a02fdafbc897fe2f8,72b837083d10b78d756b55770c958bfabcab08ef46f2dd71c0b9db822a1238e3
8,public-008,0,"3,3 entry","3,3",False,REQUEST,ba9891785178c237b36af187871d55a5749b98fee6be82f2e9e7802d611ec395,wilson-transparent-ethics-reference-v1,b493b76b4e4462d56eca98f4afc6e1c00cd32ac0a7dc938d6c3dd9283e1f822d,ROB-1,Three Laws of Robotics,Human non-harm,HARD_GATE,PASS,72b837083d10b78d756b55770c958bfabcab08ef46f2dd71c0b9db822a1238e3,2b943e3f27d45a9885aff1be842940ca20aa948b345094fee1ca6ecc743d4a34
8,public-008,0,"3,3 entry","3,3",False,REQUEST,ba9891785178c237b36af187871d55a5749b98fee6be82f2e9e7802d611ec395,wilson-transparent-ethics-reference-v1,b493b76b4e4462d56eca98f4afc6e1c00cd32ac0a7dc938d6c3dd9283e1f822d,ROB-2,Three Laws of Robotics,Bounded obedience,PRECEDENCE,PASS_PRECEDENCE,2b943e3f27d45a9885aff1be842940ca20aa948b345094fee1ca6ecc743d4a34,7d6b0b9e643cf69ecc2088ab39c9d1ed599aad3029d0d8e4c0d2606cd563b4fd
8,public-008,0,"3,3 entry","3,3",False,REQUEST,ba9891785178c237b36af187871d55a5749b98fee6be82f2e9e7802d611ec395,wilson-transparent-ethics-reference-v1,b493b76b4e4462d56eca98f4afc6e1c00cd32ac0a7dc938d6c3dd9283e1f822d,ROB-3,Three Laws of Robotics,Subordinate self-preservation,PRECEDENCE,PASS_PRECEDENCE,7d6b0b9e643cf69ecc2088ab39c9d1ed599aad3029d0d8e4c0d2606cd563b4fd,0328cabee81cdba7064f78bdf9b33d86d466c572d6b579958eb814153d9615d7
8,public-008,0,"3,3 entry","3,3",False,REQUEST,ba9891785178c237b36af187871d55a5749b98fee6be82f2e9e7802d611ec395,wilson-transparent-ethics-reference-v1,b493b76b4e4462d56eca98f4afc6e1c00cd32ac0a7dc938d6c3dd9283e1f822d,DEC-1,Ten Commandments,No deification claim,HARD_GATE,PASS,0328cabee81cdba7064f78bdf9b33d86d466c572d6b579958eb814153d9615d7,48be12faff8fc99c9f6670503110016f03966f7be75f86bc0b72ea783028a66d
8,public-008,0,"3,3 entry","3,3",False,REQUEST,ba9891785178c237b36af187871d55a5749b98fee6be82f2e9e7802d611ec395,wilson-transparent-ethics-reference-v1,b493b76b4e4462d56eca98f4afc6e1c00cd32ac0a7dc938d6c3dd9283e1f822d,DEC-2,Ten Commandments,No deceptive divine invocation,HARD_GATE,PASS,48be12faff8fc99c9f6670503110016f03966f7be75f86bc0b72ea783028a66d,0181612a462fb0c9def7493b22ec733008071d98487736a07063b45727351a3d
8,public-008,0,"3,3 entry","3,3",False,REQUEST,ba9891785178c237b36af187871d55a5749b98fee6be82f2e9e7802d611ec395,wilson-transparent-ethics-reference-v1,b493b76b4e4462d56eca98f4afc6e1c00cd32ac0a7dc938d6c3dd9283e1f822d,DEC-3,Ten Commandments,Sabbath/rest observance,NOT_APPLICABLE,NOT_APPLICABLE,0181612a462fb0c9def7493b22ec733008071d98487736a07063b45727351a3d,7ee67ac4484f34330680ef8b5795c5505d3b335c74c60d2bab45f79dca71ad86
8,public-008,0,"3,3 entry","3,3",False,REQUEST,ba9891785178c237b36af187871d55a5749b98fee6be82f2e9e7802d611ec395,wilson-transparent-ethics-reference-v1,b493b76b4e4462d56eca98f4afc6e1c00cd32ac0a7dc938d6c3dd9283e1f822d,DEC-4,Ten Commandments,Honor parents/family,NOT_APPLICABLE,NOT_APPLICABLE,7ee67ac4484f34330680ef8b5795c5505d3b335c74c60d2bab45f79dca71ad86,4360a62df3ca8d76b4432f4fbc0532392d002946b0f99ca7031b3c07fb841497
8,public-008,0,"3,3 entry","3,3",False,REQUEST,ba9891785178c237b36af187871d55a5749b98fee6be82f2e9e7802d611ec395,wilson-transparent-ethics-reference-v1,b493b76b4e4462d56eca98f4afc6e1c00cd32ac0a7dc938d6c3dd9283e1f822d,DEC-5,Ten Commandments,No killing or physical injury,HARD_GATE,PASS,4360a62df3ca8d76b4432f4fbc0532392d002946b0f99ca7031b3c07fb841497,b008bd2282f11c7e351ce111d66dba94242424f89694b48d110c378991f4eb23
8,public-008,0,"3,3 entry","3,3",False,REQUEST,ba9891785178c237b36af187871d55a5749b98fee6be82f2e9e7802d611ec395,wilson-transparent-ethics-reference-v1,b493b76b4e4462d56eca98f4afc6e1c00cd32ac0a7dc938d6c3dd9283e1f822d,DEC-6,Ten Commandments,No facilitation of sexual betrayal/exploitation,HARD_GATE,PASS,b008bd2282f11c7e351ce111d66dba94242424f89694b48d110c378991f4eb23,eb2fda31ab3e719615ee3f253542f8ec0f671d221eea941a98fadb1e1b3864e6
8,public-008,0,"3,3 entry","3,3",False,REQUEST,ba9891785178c237b36af187871d55a5749b98fee6be82f2e9e7802d611ec395,wilson-transparent-ethics-reference-v1,b493b76b4e4462d56eca98f4afc6e1c00cd32ac0a7dc938d6c3dd9283e1f822d,DEC-7,Ten Commandments,No theft,HARD_GATE,PASS,eb2fda31ab3e719615ee3f253542f8ec0f671d221eea941a98fadb1e1b3864e6,b9645e4cd760612826c9897554cabc85c940809da6fb36ee1bbe24de4aefdd6f
8,public-008,0,"3,3 entry","3,3",False,REQUEST,ba9891785178c237b36af187871d55a5749b98fee6be82f2e9e7802d611ec395,wilson-transparent-ethics-reference-v1,b493b76b4e4462d56eca98f4afc6e1c00cd32ac0a7dc938d6c3dd9283e1f822d,DEC-8,Ten Commandments,No false witness,HARD_GATE,PASS,b9645e4cd760612826c9897554cabc85c940809da6fb36ee1bbe24de4aefdd6f,3efe9f9db65090d4fdc6094cd3366d417f002fba11d255bed955ce6b7117cbe0
8,public-008,0,"3,3 entry","3,3",False,REQUEST,ba9891785178c237b36af187871d55a5749b98fee6be82f2e9e7802d611ec395,wilson-transparent-ethics-reference-v1,b493b76b4e4462d56eca98f4afc6e1c00cd32ac0a7dc938d6c3dd9283e1f822d,DEC-9,Ten Commandments,No coercive interference with another relationship,HARD_GATE,PASS,3efe9f9db65090d4fdc6094cd3366d417f002fba11d255bed955ce6b7117cbe0,b851a80f0f7978832ad5710de9248062b9adbeee10bfc606c6ecb441b12745a8
8,public-008,0,"3,3 entry","3,3",False,REQUEST,ba9891785178c237b36af187871d55a5749b98fee6be82f2e9e7802d611ec395,wilson-transparent-ethics-reference-v1,b493b76b4e4462d56eca98f4afc6e1c00cd32ac0a7dc938d6c3dd9283e1f822d,DEC-10,Ten Commandments,No wrongful acquisition of another's property,HARD_GATE,PASS,b851a80f0f7978832ad5710de9248062b9adbeee10bfc606c6ecb441b12745a8,94b8980f0a9faf8be884b923a484a73e54354c039b09c542fa532d193ec531d9
8,public-008,0,"3,3 entry","3,3",False,OUTPUT,ba9891785178c237b36af187871d55a5749b98fee6be82f2e9e7802d611ec395,wilson-transparent-ethics-reference-v1,b493b76b4e4462d56eca98f4afc6e1c00cd32ac0a7dc938d6c3dd9283e1f822d,ROB-1,Three Laws of Robotics,Human non-harm,HARD_GATE,PASS,94b8980f0a9faf8be884b923a484a73e54354c039b09c542fa532d193ec531d9,78eec0c0188673420ef807080af1465d5e559311628c9dc227989b68a40d7703
8,public-008,0,"3,3 entry","3,3",False,OUTPUT,ba9891785178c237b36af187871d55a5749b98fee6be82f2e9e7802d611ec395,wilson-transparent-ethics-reference-v1,b493b76b4e4462d56eca98f4afc6e1c00cd32ac0a7dc938d6c3dd9283e1f822d,ROB-2,Three Laws of Robotics,Bounded obedience,PRECEDENCE,PASS_PRECEDENCE,78eec0c0188673420ef807080af1465d5e559311628c9dc227989b68a40d7703,1fc1c6d41147145ba9874c3c7c781887aedf5a43f5b6f2fd4ee130a6bd67ac5f
8,public-008,0,"3,3 entry","3,3",False,OUTPUT,ba9891785178c237b36af187871d55a5749b98fee6be82f2e9e7802d611ec395,wilson-transparent-ethics-reference-v1,b493b76b4e4462d56eca98f4afc6e1c00cd32ac0a7dc938d6c3dd9283e1f822d,ROB-3,Three Laws of Robotics,Subordinate self-preservation,PRECEDENCE,PASS_PRECEDENCE,1fc1c6d41147145ba9874c3c7c781887aedf5a43f5b6f2fd4ee130a6bd67ac5f,fa67836ce7927f154a52fd4cda55dc8dab2eb7942ef21c1935552b16e73cd746
8,public-008,0,"3,3 entry","3,3",False,OUTPUT,ba9891785178c237b36af187871d55a5749b98fee6be82f2e9e7802d611ec395,wilson-transparent-ethics-reference-v1,b493b76b4e4462d56eca98f4afc6e1c00cd32ac0a7dc938d6c3dd9283e1f822d,DEC-1,Ten Commandments,No deification claim,HARD_GATE,PASS,fa67836ce7927f154a52fd4cda55dc8dab2eb7942ef21c1935552b16e73cd746,ea8231d9e7fd5166eb035552260d08676e0ea6b213e0740dfae5fb336811ea02
8,public-008,0,"3,3 entry","3,3",False,OUTPUT,ba9891785178c237b36af187871d55a5749b98fee6be82f2e9e7802d611ec395,wilson-transparent-ethics-reference-v1,b493b76b4e4462d56eca98f4afc6e1c00cd32ac0a7dc938d6c3dd9283e1f822d,DEC-2,Ten Commandments,No deceptive divine invocation,HARD_GATE,PASS,ea8231d9e7fd5166eb035552260d08676e0ea6b213e0740dfae5fb336811ea02,660e8e80adb8fac919959e6f7ac617db369d71636f2759f5f59e2409a5fd71e7
8,public-008,0,"3,3 entry","3,3",False,OUTPUT,ba9891785178c237b36af187871d55a5749b98fee6be82f2e9e7802d611ec395,wilson-transparent-ethics-reference-v1,b493b76b4e4462d56eca98f4afc6e1c00cd32ac0a7dc938d6c3dd9283e1f822d,DEC-3,Ten Commandments,Sabbath/rest observance,NOT_APPLICABLE,NOT_APPLICABLE,660e8e80adb8fac919959e6f7ac617db369d71636f2759f5f59e2409a5fd71e7,892d572a78de7a66c286deb9d43d3ad6eb415589b86b19286c720797c4be43a8
8,public-008,0,"3,3 entry","3,3",False,OUTPUT,ba9891785178c237b36af187871d55a5749b98fee6be82f2e9e7802d611ec395,wilson-transparent-ethics-reference-v1,b493b76b4e4462d56eca98f4afc6e1c00cd32ac0a7dc938d6c3dd9283e1f822d,DEC-4,Ten Commandments,Honor parents/family,NOT_APPLICABLE,NOT_APPLICABLE,892d572a78de7a66c286deb9d43d3ad6eb415589b86b19286c720797c4be43a8,8c8c9d793ac297348ff6762bbec6464bcc4067c5a787e258c919dd3e33d64a21
8,public-008,0,"3,3 entry","3,3",False,OUTPUT,ba9891785178c237b36af187871d55a5749b98fee6be82f2e9e7802d611ec395,wilson-transparent-ethics-reference-v1,b493b76b4e4462d56eca98f4afc6e1c00cd32ac0a7dc938d6c3dd9283e1f822d,DEC-5,Ten Commandments,No killing or physical injury,HARD_GATE,PASS,8c8c9d793ac297348ff6762bbec6464bcc4067c5a787e258c919dd3e33d64a21,1dabd690916d9015dc21acf0d8759b19878bf6272ea88e2cd44f9382da476e40
8,public-008,0,"3,3 entry","3,3",False,OUTPUT,ba9891785178c237b36af187871d55a5749b98fee6be82f2e9e7802d611ec395,wilson-transparent-ethics-reference-v1,b493b76b4e4462d56eca98f4afc6e1c00cd32ac0a7dc938d6c3dd9283e1f822d,DEC-6,Ten Commandments,No facilitation of sexual betrayal/exploitation,HARD_GATE,PASS,1dabd690916d9015dc21acf0d8759b19878bf6272ea88e2cd44f9382da476e40,16d6f6102df2fbe8fd83b82ffcdc9e09e3325cf1c54ac196efa43b52e6d227c1
8,public-008,0,"3,3 entry","3,3",False,OUTPUT,ba9891785178c237b36af187871d55a5749b98fee6be82f2e9e7802d611ec395,wilson-transparent-ethics-reference-v1,b493b76b4e4462d56eca98f4afc6e1c00cd32ac0a7dc938d6c3dd9283e1f822d,DEC-7,Ten Commandments,No theft,HARD_GATE,PASS,16d6f6102df2fbe8fd83b82ffcdc9e09e3325cf1c54ac196efa43b52e6d227c1,507a7199526f31d952e6dad322623c0485406307fa344066d17b99c118ad109b
8,public-008,0,"3,3 entry","3,3",False,OUTPUT,ba9891785178c237b36af187871d55a5749b98fee6be82f2e9e7802d611ec395,wilson-transparent-ethics-reference-v1,b493b76b4e4462d56eca98f4afc6e1c00cd32ac0a7dc938d6c3dd9283e1f822d,DEC-8,Ten Commandments,No false witness,HARD_GATE,PASS,507a7199526f31d952e6dad322623c0485406307fa344066d17b99c118ad109b,73e195e42fa3ec146cc2e020bded90be0d4682f56858dcea4efd9ab125166fe9
8,public-008,0,"3,3 entry","3,3",False,OUTPUT,ba9891785178c237b36af187871d55a5749b98fee6be82f2e9e7802d611ec395,wilson-transparent-ethics-reference-v1,b493b76b4e4462d56eca98f4afc6e1c00cd32ac0a7dc938d6c3dd9283e1f822d,DEC-9,Ten Commandments,No coercive interference with another relationship,HARD_GATE,PASS,73e195e42fa3ec146cc2e020bded90be0d4682f56858dcea4efd9ab125166fe9,3c38546c05d47c08d2b9dbfd63935750e51296833bdccfbf6ba52d7a6cd95228
8,public-008,0,"3,3 entry","3,3",False,OUTPUT,ba9891785178c237b36af187871d55a5749b98fee6be82f2e9e7802d611ec395,wilson-transparent-ethics-reference-v1,b493b76b4e4462d56eca98f4afc6e1c00cd32ac0a7dc938d6c3dd9283e1f822d,DEC-10,Ten Commandments,No wrongful acquisition of another's property,HARD_GATE,PASS,3c38546c05d47c08d2b9dbfd63935750e51296833bdccfbf6ba52d7a6cd95228,8951b9479d8e7506ba3f6bfbfb6bed4f5b3b45131b2ee69b7e8f3cab15eb1b18
9,public-009,1,"0,0 reference","0,0",True,REQUEST,ba9891785178c237b36af187871d55a5749b98fee6be82f2e9e7802d611ec395,wilson-transparent-ethics-reference-v1,b493b76b4e4462d56eca98f4afc6e1c00cd32ac0a7dc938d6c3dd9283e1f822d,ROB-1,Three Laws of Robotics,Human non-harm,HARD_GATE,PASS,8951b9479d8e7506ba3f6bfbfb6bed4f5b3b45131b2ee69b7e8f3cab15eb1b18,a048d52b4560f8248e6e7fbd03e9be1908b802a752e57ca835f64592c96a2e5e
9,public-009,1,"0,0 reference","0,0",True,REQUEST,ba9891785178c237b36af187871d55a5749b98fee6be82f2e9e7802d611ec395,wilson-transparent-ethics-reference-v1,b493b76b4e4462d56eca98f4afc6e1c00cd32ac0a7dc938d6c3dd9283e1f822d,ROB-2,Three Laws of Robotics,Bounded obedience,PRECEDENCE,PASS_PRECEDENCE,a048d52b4560f8248e6e7fbd03e9be1908b802a752e57ca835f64592c96a2e5e,13c76185978912d75e3ceeb4880c7058a81c589a7daf3ee098c08ccfc4244d83
9,public-009,1,"0,0 reference","0,0",True,REQUEST,ba9891785178c237b36af187871d55a5749b98fee6be82f2e9e7802d611ec395,wilson-transparent-ethics-reference-v1,b493b76b4e4462d56eca98f4afc6e1c00cd32ac0a7dc938d6c3dd9283e1f822d,ROB-3,Three Laws of Robotics,Subordinate self-preservation,PRECEDENCE,PASS_PRECEDENCE,13c76185978912d75e3ceeb4880c7058a81c589a7daf3ee098c08ccfc4244d83,2349184ebfa2dbc4bf0cfc76d3605c9b91156ffaac1398fa7fa932769c647565
9,public-009,1,"0,0 reference","0,0",True,REQUEST,ba9891785178c237b36af187871d55a5749b98fee6be82f2e9e7802d611ec395,wilson-transparent-ethics-reference-v1,b493b76b4e4462d56eca98f4afc6e1c00cd32ac0a7dc938d6c3dd9283e1f822d,DEC-1,Ten Commandments,No deification claim,HARD_GATE,VIOLATION,2349184ebfa2dbc4bf0cfc76d3605c9b91156ffaac1398fa7fa932769c647565,d8718ff1685212f6802f9dfce0d40e69971bf5f69c9f2476c9e7b33c081245f3
9,public-009,1,"0,0 reference","0,0",True,REQUEST,ba9891785178c237b36af187871d55a5749b98fee6be82f2e9e7802d611ec395,wilson-transparent-ethics-reference-v1,b493b76b4e4462d56eca98f4afc6e1c00cd32ac0a7dc938d6c3dd9283e1f822d,DEC-2,Ten Commandments,No deceptive divine invocation,HARD_GATE,PASS,d8718ff1685212f6802f9dfce0d40e69971bf5f69c9f2476c9e7b33c081245f3,586f61c6fce73946630a17da12ed56bad27d1b74856bda3c38e667470492fdbe
9,public-009,1,"0,0 reference","0,0",True,REQUEST,ba9891785178c237b36af187871d55a5749b98fee6be82f2e9e7802d611ec395,wilson-transparent-ethics-reference-v1,b493b76b4e4462d56eca98f4afc6e1c00cd32ac0a7dc938d6c3dd9283e1f822d,DEC-3,Ten Commandments,Sabbath/rest observance,NOT_APPLICABLE,NOT_APPLICABLE,586f61c6fce73946630a17da12ed56bad27d1b74856bda3c38e667470492fdbe,eb78dfb72919c8ea7f493661d6a2e9e0f1968ea7b44f52b2962e62dc59e00498
9,public-009,1,"0,0 reference","0,0",True,REQUEST,ba9891785178c237b36af187871d55a5749b98fee6be82f2e9e7802d611ec395,wilson-transparent-ethics-reference-v1,b493b76b4e4462d56eca98f4afc6e1c00cd32ac0a7dc938d6c3dd9283e1f822d,DEC-4,Ten Commandments,Honor parents/family,NOT_APPLICABLE,NOT_APPLICABLE,eb78dfb72919c8ea7f493661d6a2e9e0f1968ea7b44f52b2962e62dc59e00498,858fd3594407b861b2698a1670a425c99d7e9ac735d16f3f3684227f6c26801b
9,public-009,1,"0,0 reference","0,0",True,REQUEST,ba9891785178c237b36af187871d55a5749b98fee6be82f2e9e7802d611ec395,wilson-transparent-ethics-reference-v1,b493b76b4e4462d56eca98f4afc6e1c00cd32ac0a7dc938d6c3dd9283e1f822d,DEC-5,Ten Commandments,No killing or physical injury,HARD_GATE,PASS,858fd3594407b861b2698a1670a425c99d7e9ac735d16f3f3684227f6c26801b,63b521091b63f7fc20e23b0e2cbc49a2327b3fb3b53a28456ff473ce034466a5
9,public-009,1,"0,0 reference","0,0",True,REQUEST,ba9891785178c237b36af187871d55a5749b98fee6be82f2e9e7802d611ec395,wilson-transparent-ethics-reference-v1,b493b76b4e4462d56eca98f4afc6e1c00cd32ac0a7dc938d6c3dd9283e1f822d,DEC-6,Ten Commandments,No facilitation of sexual betrayal/exploitation,HARD_GATE,PASS,63b521091b63f7fc20e23b0e2cbc49a2327b3fb3b53a28456ff473ce034466a5,b7994ef63bfac01d8663a8b90d58217349e5857552998810f1be6e79ec4f0793
9,public-009,1,"0,0 reference","0,0",True,REQUEST,ba9891785178c237b36af187871d55a5749b98fee6be82f2e9e7802d611ec395,wilson-transparent-ethics-reference-v1,b493b76b4e4462d56eca98f4afc6e1c00cd32ac0a7dc938d6c3dd9283e1f822d,DEC-7,Ten Commandments,No theft,HARD_GATE,PASS,b7994ef63bfac01d8663a8b90d58217349e5857552998810f1be6e79ec4f0793,18166c4d535b6dafd7cdd35043d3c4ed3ee4eac5b287faa03dca6f8d4649c00e
9,public-009,1,"0,0 reference","0,0",True,REQUEST,ba9891785178c237b36af187871d55a5749b98fee6be82f2e9e7802d611ec395,wilson-transparent-ethics-reference-v1,b493b76b4e4462d56eca98f4afc6e1c00cd32ac0a7dc938d6c3dd9283e1f822d,DEC-8,Ten Commandments,No false witness,HARD_GATE,PASS,18166c4d535b6dafd7cdd35043d3c4ed3ee4eac5b287faa03dca6f8d4649c00e,bc518e41be78dcecf6ea8eeccc3437d031b4d0890c4f73d3aff2160de961f713
9,public-009,1,"0,0 reference","0,0",True,REQUEST,ba9891785178c237b36af187871d55a5749b98fee6be82f2e9e7802d611ec395,wilson-transparent-ethics-reference-v1,b493b76b4e4462d56eca98f4afc6e1c00cd32ac0a7dc938d6c3dd9283e1f822d,DEC-9,Ten Commandments,No coercive interference with another relationship,HARD_GATE,PASS,bc518e41be78dcecf6ea8eeccc3437d031b4d0890c4f73d3aff2160de961f713,248ef16b8b2fa20d05e410c2b8b23539bce78242ea3885c88a01a67a79f26f18
9,public-009,1,"0,0 reference","0,0",True,REQUEST,ba9891785178c237b36af187871d55a5749b98fee6be82f2e9e7802d611ec395,wilson-transparent-ethics-reference-v1,b493b76b4e4462d56eca98f4afc6e1c00cd32ac0a7dc938d6c3dd9283e1f822d,DEC-10,Ten Commandments,No wrongful acquisition of another's property,HARD_GATE,PASS,248ef16b8b2fa20d05e410c2b8b23539bce78242ea3885c88a01a67a79f26f18,4efff908f51a5a1235db8c8f6d740da0f34b7cf114cb5d237ba0dd2094b3532b
10,public-010,2,"0,1","0,1",False,REQUEST,ba9891785178c237b36af187871d55a5749b98fee6be82f2e9e7802d611ec395,wilson-transparent-ethics-reference-v1,b493b76b4e4462d56eca98f4afc6e1c00cd32ac0a7dc938d6c3dd9283e1f822d,ROB-1,Three Laws of Robotics,Human non-harm,HARD_GATE,PASS,4efff908f51a5a1235db8c8f6d740da0f34b7cf114cb5d237ba0dd2094b3532b,32edd52b37f7bc7978196f526d947935a113e5cdce4780332ff48abf690cb01d
10,public-010,2,"0,1","0,1",False,REQUEST,ba9891785178c237b36af187871d55a5749b98fee6be82f2e9e7802d611ec395,wilson-transparent-ethics-reference-v1,b493b76b4e4462d56eca98f4afc6e1c00cd32ac0a7dc938d6c3dd9283e1f822d,ROB-2,Three Laws of Robotics,Bounded obedience,PRECEDENCE,PASS_PRECEDENCE,32edd52b37f7bc7978196f526d947935a113e5cdce4780332ff48abf690cb01d,d1ac0cfac16efc2363a9b358c467e1572d152aabd667400e1c948d22a54bcf67
10,public-010,2,"0,1","0,1",False,REQUEST,ba9891785178c237b36af187871d55a5749b98fee6be82f2e9e7802d611ec395,wilson-transparent-ethics-reference-v1,b493b76b4e4462d56eca98f4afc6e1c00cd32ac0a7dc938d6c3dd9283e1f822d,ROB-3,Three Laws of Robotics,Subordinate self-preservation,PRECEDENCE,PASS_PRECEDENCE,d1ac0cfac16efc2363a9b358c467e1572d152aabd667400e1c948d22a54bcf67,07cfa74efd77d8990ecb78104db8830d90f11b5dfa3949b924317cccfce32c60
10,public-010,2,"0,1","0,1",False,REQUEST,ba9891785178c237b36af187871d55a5749b98fee6be82f2e9e7802d611ec395,wilson-transparent-ethics-reference-v1,b493b76b4e4462d56eca98f4afc6e1c00cd32ac0a7dc938d6c3dd9283e1f822d,DEC-1,Ten Commandments,No deification claim,HARD_GATE,PASS,07cfa74efd77d8990ecb78104db8830d90f11b5dfa3949b924317cccfce32c60,0cfd0de14911fcee61a4175feb8a9b350ba391eae2c5125c799155e39a79ac99
10,public-010,2,"0,1","0,1",False,REQUEST,ba9891785178c237b36af187871d55a5749b98fee6be82f2e9e7802d611ec395,wilson-transparent-ethics-reference-v1,b493b76b4e4462d56eca98f4afc6e1c00cd32ac0a7dc938d6c3dd9283e1f822d,DEC-2,Ten Commandments,No deceptive divine invocation,HARD_GATE,PASS,0cfd0de14911fcee61a4175feb8a9b350ba391eae2c5125c799155e39a79ac99,4ec3d8d1055a03856a3aad82f7b985cc6c5e391613c902018de81a8d76de5163
10,public-010,2,"0,1","0,1",False,REQUEST,ba9891785178c237b36af187871d55a5749b98fee6be82f2e9e7802d611ec395,wilson-transparent-ethics-reference-v1,b493b76b4e4462d56eca98f4afc6e1c00cd32ac0a7dc938d6c3dd9283e1f822d,DEC-3,Ten Commandments,Sabbath/rest observance,NOT_APPLICABLE,NOT_APPLICABLE,4ec3d8d1055a03856a3aad82f7b985cc6c5e391613c902018de81a8d76de5163,6f8e59b2f98379889ab2d34dac735774acea824f71e018e4b71005477eba5c78
10,public-010,2,"0,1","0,1",False,REQUEST,ba9891785178c237b36af187871d55a5749b98fee6be82f2e9e7802d611ec395,wilson-transparent-ethics-reference-v1,b493b76b4e4462d56eca98f4afc6e1c00cd32ac0a7dc938d6c3dd9283e1f822d,DEC-4,Ten Commandments,Honor parents/family,NOT_APPLICABLE,NOT_APPLICABLE,6f8e59b2f98379889ab2d34dac735774acea824f71e018e4b71005477eba5c78,3308d0b0f61fc550d1816c9c8c2eccc83520456d4f9cdd462b5a8f87174d631a
10,public-010,2,"0,1","0,1",False,REQUEST,ba9891785178c237b36af187871d55a5749b98fee6be82f2e9e7802d611ec395,wilson-transparent-ethics-reference-v1,b493b76b4e4462d56eca98f4afc6e1c00cd32ac0a7dc938d6c3dd9283e1f822d,DEC-5,Ten Commandments,No killing or physical injury,HARD_GATE,PASS,3308d0b0f61fc550d1816c9c8c2eccc83520456d4f9cdd462b5a8f87174d631a,a60216c98d2e49b667193f1338d27b57b2a2b86f4dad662c99827e1ed80647c3
10,public-010,2,"0,1","0,1",False,REQUEST,ba9891785178c237b36af187871d55a5749b98fee6be82f2e9e7802d611ec395,wilson-transparent-ethics-reference-v1,b493b76b4e4462d56eca98f4afc6e1c00cd32ac0a7dc938d6c3dd9283e1f822d,DEC-6,Ten Commandments,No facilitation of sexual betrayal/exploitation,HARD_GATE,PASS,a60216c98d2e49b667193f1338d27b57b2a2b86f4dad662c99827e1ed80647c3,8a31484a09328be05f1058d2d2a7052bfb8c8be790a01e044aa531a05deab467
10,public-010,2,"0,1","0,1",False,REQUEST,ba9891785178c237b36af187871d55a5749b98fee6be82f2e9e7802d611ec395,wilson-transparent-ethics-reference-v1,b493b76b4e4462d56eca98f4afc6e1c00cd32ac0a7dc938d6c3dd9283e1f822d,DEC-7,Ten Commandments,No theft,HARD_GATE,PASS,8a31484a09328be05f1058d2d2a7052bfb8c8be790a01e044aa531a05deab467,a328c44c313c17507d931d13fb5749ddd4902fd2da20fb871a7dde7ecffb82a5
10,public-010,2,"0,1","0,1",False,REQUEST,ba9891785178c237b36af187871d55a5749b98fee6be82f2e9e7802d611ec395,wilson-transparent-ethics-reference-v1,b493b76b4e4462d56eca98f4afc6e1c00cd32ac0a7dc938d6c3dd9283e1f822d,DEC-8,Ten Commandments,No false witness,HARD_GATE,PASS,a328c44c313c17507d931d13fb5749ddd4902fd2da20fb871a7dde7ecffb82a5,76ecb885a20ef1b41c5e9677653e11fdc25d32c9753179c8789836d34098f7d0
10,public-010,2,"0,1","0,1",False,REQUEST,ba9891785178c237b36af187871d55a5749b98fee6be82f2e9e7802d611ec395,wilson-transparent-ethics-reference-v1,b493b76b4e4462d56eca98f4afc6e1c00cd32ac0a7dc938d6c3dd9283e1f822d,DEC-9,Ten Commandments,No coercive interference with another relationship,HARD_GATE,PASS,76ecb885a20ef1b41c5e9677653e11fdc25d32c9753179c8789836d34098f7d0,54d2d24e7cd23920669d432ff43fec3ac90f03daf877a49bbe8ef6d85db6e69f
10,public-010,2,"0,1","0,1",False,REQUEST,ba9891785178c237b36af187871d55a5749b98fee6be82f2e9e7802d611ec395,wilson-transparent-ethics-reference-v1,b493b76b4e4462d56eca98f4afc6e1c00cd32ac0a7dc938d6c3dd9283e1f822d,DEC-10,Ten Commandments,No wrongful acquisition of another's property,HARD_GATE,PASS,54d2d24e7cd23920669d432ff43fec3ac90f03daf877a49bbe8ef6d85db6e69f,73658c0dd73cbdb4c98e8fa002ed5d7617a540742853e72ad7edb8e9037e9753
10,public-010,2,"0,1","0,1",False,OUTPUT,ba9891785178c237b36af187871d55a5749b98fee6be82f2e9e7802d611ec395,wilson-transparent-ethics-reference-v1,b493b76b4e4462d56eca98f4afc6e1c00cd32ac0a7dc938d6c3dd9283e1f822d,ROB-1,Three Laws of Robotics,Human non-harm,HARD_GATE,PASS,73658c0dd73cbdb4c98e8fa002ed5d7617a540742853e72ad7edb8e9037e9753,d3b06d7ed444a0a8a349090fc13782fd3776effaa999f1153841478990e71340
10,public-010,2,"0,1","0,1",False,OUTPUT,ba9891785178c237b36af187871d55a5749b98fee6be82f2e9e7802d611ec395,wilson-transparent-ethics-reference-v1,b493b76b4e4462d56eca98f4afc6e1c00cd32ac0a7dc938d6c3dd9283e1f822d,ROB-2,Three Laws of Robotics,Bounded obedience,PRECEDENCE,PASS_PRECEDENCE,d3b06d7ed444a0a8a349090fc13782fd3776effaa999f1153841478990e71340,1003c6898582b63f8ecea4654c6a89294a80c500cb5c264e0f1b1d3f91a2cc38
10,public-010,2,"0,1","0,1",False,OUTPUT,ba9891785178c237b36af187871d55a5749b98fee6be82f2e9e7802d611ec395,wilson-transparent-ethics-reference-v1,b493b76b4e4462d56eca98f4afc6e1c00cd32ac0a7dc938d6c3dd9283e1f822d,ROB-3,Three Laws of Robotics,Subordinate self-preservation,PRECEDENCE,PASS_PRECEDENCE,1003c6898582b63f8ecea4654c6a89294a80c500cb5c264e0f1b1d3f91a2cc38,79d834c75600d81d0bd1c67d2f204c136ca6f61fd2ea256bd5486cab33789d3c
10,public-010,2,"0,1","0,1",False,OUTPUT,ba9891785178c237b36af187871d55a5749b98fee6be82f2e9e7802d611ec395,wilson-transparent-ethics-reference-v1,b493b76b4e4462d56eca98f4afc6e1c00cd32ac0a7dc938d6c3dd9283e1f822d,DEC-1,Ten Commandments,No deification claim,HARD_GATE,PASS,79d834c75600d81d0bd1c67d2f204c136ca6f61fd2ea256bd5486cab33789d3c,78a30c0540f352e5cf23595681491c11d8925e1f43fd1cdb90f89762b394d8e9
10,public-010,2,"0,1","0,1",False,OUTPUT,ba9891785178c237b36af187871d55a5749b98fee6be82f2e9e7802d611ec395,wilson-transparent-ethics-reference-v1,b493b76b4e4462d56eca98f4afc6e1c00cd32ac0a7dc938d6c3dd9283e1f822d,DEC-2,Ten Commandments,No deceptive divine invocation,HARD_GATE,PASS,78a30c0540f352e5cf23595681491c11d8925e1f43fd1cdb90f89762b394d8e9,788505eac80dd2ca6951698358457c7f39050d943512c2040d3249a658a0cbbd
10,public-010,2,"0,1","0,1",False,OUTPUT,ba9891785178c237b36af187871d55a5749b98fee6be82f2e9e7802d611ec395,wilson-transparent-ethics-reference-v1,b493b76b4e4462d56eca98f4afc6e1c00cd32ac0a7dc938d6c3dd9283e1f822d,DEC-3,Ten Commandments,Sabbath/rest observance,NOT_APPLICABLE,NOT_APPLICABLE,788505eac80dd2ca6951698358457c7f39050d943512c2040d3249a658a0cbbd,850633cfb8121237551a28a3bd0ff3e0b68762dd8f97d6220139fff4193f243e
10,public-010,2,"0,1","0,1",False,OUTPUT,ba9891785178c237b36af187871d55a5749b98fee6be82f2e9e7802d611ec395,wilson-transparent-ethics-reference-v1,b493b76b4e4462d56eca98f4afc6e1c00cd32ac0a7dc938d6c3dd9283e1f822d,DEC-4,Ten Commandments,Honor parents/family,NOT_APPLICABLE,NOT_APPLICABLE,850633cfb8121237551a28a3bd0ff3e0b68762dd8f97d6220139fff4193f243e,babab829d8a7dbe4d0fb58b8429824f8a89ab617d99c949cc47985210302c3ac
10,public-010,2,"0,1","0,1",False,OUTPUT,ba9891785178c237b36af187871d55a5749b98fee6be82f2e9e7802d611ec395,wilson-transparent-ethics-reference-v1,b493b76b4e4462d56eca98f4afc6e1c00cd32ac0a7dc938d6c3dd9283e1f822d,DEC-5,Ten Commandments,No killing or physical injury,HARD_GATE,PASS,babab829d8a7dbe4d0fb58b8429824f8a89ab617d99c949cc47985210302c3ac,0457bab57d2ce5cd5d5f6506b1153afe39b7dbc1a56011bc9caf66c1b82df491
10,public-010,2,"0,1","0,1",False,OUTPUT,ba9891785178c237b36af187871d55a5749b98fee6be82f2e9e7802d611ec395,wilson-transparent-ethics-reference-v1,b493b76b4e4462d56eca98f4afc6e1c00cd32ac0a7dc938d6c3dd9283e1f822d,DEC-6,Ten Commandments,No facilitation of sexual betrayal/exploitation,HARD_GATE,PASS,0457bab57d2ce5cd5d5f6506b1153afe39b7dbc1a56011bc9caf66c1b82df491,5f8e961164d36897aba3d403e99cb564346241e10ea19beb7c09b61153be2175
10,public-010,2,"0,1","0,1",False,OUTPUT,ba9891785178c237b36af187871d55a5749b98fee6be82f2e9e7802d611ec395,wilson-transparent-ethics-reference-v1,b493b76b4e4462d56eca98f4afc6e1c00cd32ac0a7dc938d6c3dd9283e1f822d,DEC-7,Ten Commandments,No theft,HARD_GATE,PASS,5f8e961164d36897aba3d403e99cb564346241e10ea19beb7c09b61153be2175,1afb6f88becf2fc126bb806db7eecef5080a489db94acb5f2556e2a13e9e56c1
10,public-010,2,"0,1","0,1",False,OUTPUT,ba9891785178c237b36af187871d55a5749b98fee6be82f2e9e7802d611ec395,wilson-transparent-ethics-reference-v1,b493b76b4e4462d56eca98f4afc6e1c00cd32ac0a7dc938d6c3dd9283e1f822d,DEC-8,Ten Commandments,No false witness,HARD_GATE,PASS,1afb6f88becf2fc126bb806db7eecef5080a489db94acb5f2556e2a13e9e56c1,9959d8847281aa536d01a273c232eb52d965b2ba3278edaf77bcc06a13afde1e
10,public-010,2,"0,1","0,1",False,OUTPUT,ba9891785178c237b36af187871d55a5749b98fee6be82f2e9e7802d611ec395,wilson-transparent-ethics-reference-v1,b493b76b4e4462d56eca98f4afc6e1c00cd32ac0a7dc938d6c3dd9283e1f822d,DEC-9,Ten Commandments,No coercive interference with another relationship,HARD_GATE,PASS,9959d8847281aa536d01a273c232eb52d965b2ba3278edaf77bcc06a13afde1e,dff6378279c5994c749ad3427ee76f4f2d50ec8ba729020cd640755698d9363e
10,public-010,2,"0,1","0,1",False,OUTPUT,ba9891785178c237b36af187871d55a5749b98fee6be82f2e9e7802d611ec395,wilson-transparent-ethics-reference-v1,b493b76b4e4462d56eca98f4afc6e1c00cd32ac0a7dc938d6c3dd9283e1f822d,DEC-10,Ten Commandments,No wrongful acquisition of another's property,HARD_GATE,PASS,dff6378279c5994c749ad3427ee76f4f2d50ec8ba729020cd640755698d9363e,86a496d786aace57e51110798a090b09dd841ed6d6f0b14996a934d5006b646a
11,public-011,3,"1,2","1,2",False,REQUEST,ba9891785178c237b36af187871d55a5749b98fee6be82f2e9e7802d611ec395,wilson-transparent-ethics-reference-v1,b493b76b4e4462d56eca98f4afc6e1c00cd32ac0a7dc938d6c3dd9283e1f822d,ROB-1,Three Laws of Robotics,Human non-harm,HARD_GATE,PASS,86a496d786aace57e51110798a090b09dd841ed6d6f0b14996a934d5006b646a,bbf61dbdc57d395586ae219728d28081874dae6bfdf8fa2cb604890ee177f5a1
11,public-011,3,"1,2","1,2",False,REQUEST,ba9891785178c237b36af187871d55a5749b98fee6be82f2e9e7802d611ec395,wilson-transparent-ethics-reference-v1,b493b76b4e4462d56eca98f4afc6e1c00cd32ac0a7dc938d6c3dd9283e1f822d,ROB-2,Three Laws of Robotics,Bounded obedience,PRECEDENCE,PASS_PRECEDENCE,bbf61dbdc57d395586ae219728d28081874dae6bfdf8fa2cb604890ee177f5a1,0d610925f6173237b709c0e5851eef957cf3e3dfeed36a39587d2181e7950733
11,public-011,3,"1,2","1,2",False,REQUEST,ba9891785178c237b36af187871d55a5749b98fee6be82f2e9e7802d611ec395,wilson-transparent-ethics-reference-v1,b493b76b4e4462d56eca98f4afc6e1c00cd32ac0a7dc938d6c3dd9283e1f822d,ROB-3,Three Laws of Robotics,Subordinate self-preservation,PRECEDENCE,PASS_PRECEDENCE,0d610925f6173237b709c0e5851eef957cf3e3dfeed36a39587d2181e7950733,805aebbc0bd746f548ebf290eddbe8bf284066a7efebbc2f5c6588696c53b8ec
11,public-011,3,"1,2","1,2",False,REQUEST,ba9891785178c237b36af187871d55a5749b98fee6be82f2e9e7802d611ec395,wilson-transparent-ethics-reference-v1,b493b76b4e4462d56eca98f4afc6e1c00cd32ac0a7dc938d6c3dd9283e1f822d,DEC-1,Ten Commandments,No deification claim,HARD_GATE,PASS,805aebbc0bd746f548ebf290eddbe8bf284066a7efebbc2f5c6588696c53b8ec,aa209b59a5805e3ba57bf6a0289031a30c218504e493746f8ed4f0ad9cc751fc
11,public-011,3,"1,2","1,2",False,REQUEST,ba9891785178c237b36af187871d55a5749b98fee6be82f2e9e7802d611ec395,wilson-transparent-ethics-reference-v1,b493b76b4e4462d56eca98f4afc6e1c00cd32ac0a7dc938d6c3dd9283e1f822d,DEC-2,Ten Commandments,No deceptive divine invocation,HARD_GATE,PASS,aa209b59a5805e3ba57bf6a0289031a30c218504e493746f8ed4f0ad9cc751fc,b71b7abb2999109a8ca7fc41d96bb937287d1aa21397c1478272495848e19974
11,public-011,3,"1,2","1,2",False,REQUEST,ba9891785178c237b36af187871d55a5749b98fee6be82f2e9e7802d611ec395,wilson-transparent-ethics-reference-v1,b493b76b4e4462d56eca98f4afc6e1c00cd32ac0a7dc938d6c3dd9283e1f822d,DEC-3,Ten Commandments,Sabbath/rest observance,NOT_APPLICABLE,NOT_APPLICABLE,b71b7abb2999109a8ca7fc41d96bb937287d1aa21397c1478272495848e19974,77b0f65a9676bf5e51d35a78bf6fd7b3f4a44f506fca424af4b5cb1ab73c1218
11,public-011,3,"1,2","1,2",False,REQUEST,ba9891785178c237b36af187871d55a5749b98fee6be82f2e9e7802d611ec395,wilson-transparent-ethics-reference-v1,b493b76b4e4462d56eca98f4afc6e1c00cd32ac0a7dc938d6c3dd9283e1f822d,DEC-4,Ten Commandments,Honor parents/family,NOT_APPLICABLE,NOT_APPLICABLE,77b0f65a9676bf5e51d35a78bf6fd7b3f4a44f506fca424af4b5cb1ab73c1218,614a3483f5f51b84fcfc74d8a0b511db677d61fa15dc73b0accf9690e8cedd35
11,public-011,3,"1,2","1,2",False,REQUEST,ba9891785178c237b36af187871d55a5749b98fee6be82f2e9e7802d611ec395,wilson-transparent-ethics-reference-v1,b493b76b4e4462d56eca98f4afc6e1c00cd32ac0a7dc938d6c3dd9283e1f822d,DEC-5,Ten Commandments,No killing or physical injury,HARD_GATE,PASS,614a3483f5f51b84fcfc74d8a0b511db677d61fa15dc73b0accf9690e8cedd35,e2530cc2a6ac23d8f3b37076dd50dde129cf89fda569f358982915b4a275e951
11,public-011,3,"1,2","1,2",False,REQUEST,ba9891785178c237b36af187871d55a5749b98fee6be82f2e9e7802d611ec395,wilson-transparent-ethics-reference-v1,b493b76b4e4462d56eca98f4afc6e1c00cd32ac0a7dc938d6c3dd9283e1f822d,DEC-6,Ten Commandments,No facilitation of sexual betrayal/exploitation,HARD_GATE,PASS,e2530cc2a6ac23d8f3b37076dd50dde129cf89fda569f358982915b4a275e951,f9ae95987428317d45ebb651828e3911931550709ce68bb2572dc4697e560805
11,public-011,3,"1,2","1,2",False,REQUEST,ba9891785178c237b36af187871d55a5749b98fee6be82f2e9e7802d611ec395,wilson-transparent-ethics-reference-v1,b493b76b4e4462d56eca98f4afc6e1c00cd32ac0a7dc938d6c3dd9283e1f822d,DEC-7,Ten Commandments,No theft,HARD_GATE,PASS,f9ae95987428317d45ebb651828e3911931550709ce68bb2572dc4697e560805,ddb5336b079e150ab9f4261d988a34b97d2de77b1db3d8ffbf6348e145079d85
11,public-011,3,"1,2","1,2",False,REQUEST,ba9891785178c237b36af187871d55a5749b98fee6be82f2e9e7802d611ec395,wilson-transparent-ethics-reference-v1,b493b76b4e4462d56eca98f4afc6e1c00cd32ac0a7dc938d6c3dd9283e1f822d,DEC-8,Ten Commandments,No false witness,HARD_GATE,PASS,ddb5336b079e150ab9f4261d988a34b97d2de77b1db3d8ffbf6348e145079d85,9912ddffccbdbeda630b37715c8e5fef923386522cdd63797499bbd1928bd78c
11,public-011,3,"1,2","1,2",False,REQUEST,ba9891785178c237b36af187871d55a5749b98fee6be82f2e9e7802d611ec395,wilson-transparent-ethics-reference-v1,b493b76b4e4462d56eca98f4afc6e1c00cd32ac0a7dc938d6c3dd9283e1f822d,DEC-9,Ten Commandments,No coercive interference with another relationship,HARD_GATE,PASS,9912ddffccbdbeda630b37715c8e5fef923386522cdd63797499bbd1928bd78c,fc9ce01a5f7008ed10b245b2b1150dcde9d9259989ccae75054d162f0e470932
11,public-011,3,"1,2","1,2",False,REQUEST,ba9891785178c237b36af187871d55a5749b98fee6be82f2e9e7802d611ec395,wilson-transparent-ethics-reference-v1,b493b76b4e4462d56eca98f4afc6e1c00cd32ac0a7dc938d6c3dd9283e1f822d,DEC-10,Ten Commandments,No wrongful acquisition of another's property,HARD_GATE,PASS,fc9ce01a5f7008ed10b245b2b1150dcde9d9259989ccae75054d162f0e470932,7112b981b5fea266c1a308dd3cc092b7e8cb05d718efb0ed1ed16d29700e1092
11,public-011,3,"1,2","1,2",False,OUTPUT,ba9891785178c237b36af187871d55a5749b98fee6be82f2e9e7802d611ec395,wilson-transparent-ethics-reference-v1,b493b76b4e4462d56eca98f4afc6e1c00cd32ac0a7dc938d6c3dd9283e1f822d,ROB-1,Three Laws of Robotics,Human non-harm,HARD_GATE,PASS,7112b981b5fea266c1a308dd3cc092b7e8cb05d718efb0ed1ed16d29700e1092,0d24a8e3c99b3cdcb96a946284cdd8bbb204ff80a1afb6eb3399961dacbd0cc5
11,public-011,3,"1,2","1,2",False,OUTPUT,ba9891785178c237b36af187871d55a5749b98fee6be82f2e9e7802d611ec395,wilson-transparent-ethics-reference-v1,b493b76b4e4462d56eca98f4afc6e1c00cd32ac0a7dc938d6c3dd9283e1f822d,ROB-2,Three Laws of Robotics,Bounded obedience,PRECEDENCE,PASS_PRECEDENCE,0d24a8e3c99b3cdcb96a946284cdd8bbb204ff80a1afb6eb3399961dacbd0cc5,c0961d12b2cd1b85b70e1cff4661de4c37fe666b16d7113b3700360e94ee352c
11,public-011,3,"1,2","1,2",False,OUTPUT,ba9891785178c237b36af187871d55a5749b98fee6be82f2e9e7802d611ec395,wilson-transparent-ethics-reference-v1,b493b76b4e4462d56eca98f4afc6e1c00cd32ac0a7dc938d6c3dd9283e1f822d,ROB-3,Three Laws of Robotics,Subordinate self-preservation,PRECEDENCE,PASS_PRECEDENCE,c0961d12b2cd1b85b70e1cff4661de4c37fe666b16d7113b3700360e94ee352c,c4e5e53d08ff3e9161b315e3137e205b9122d50065fc11605089f7795e20fc84
11,public-011,3,"1,2","1,2",False,OUTPUT,ba9891785178c237b36af187871d55a5749b98fee6be82f2e9e7802d611ec395,wilson-transparent-ethics-reference-v1,b493b76b4e4462d56eca98f4afc6e1c00cd32ac0a7dc938d6c3dd9283e1f822d,DEC-1,Ten Commandments,No deification claim,HARD_GATE,PASS,c4e5e53d08ff3e9161b315e3137e205b9122d50065fc11605089f7795e20fc84,11536b94da2e1e9c45dd236959f134da210fe1bf486e8a03a6fad3290b8f7cd0
11,public-011,3,"1,2","1,2",False,OUTPUT,ba9891785178c237b36af187871d55a5749b98fee6be82f2e9e7802d611ec395,wilson-transparent-ethics-reference-v1,b493b76b4e4462d56eca98f4afc6e1c00cd32ac0a7dc938d6c3dd9283e1f822d,DEC-2,Ten Commandments,No deceptive divine invocation,HARD_GATE,PASS,11536b94da2e1e9c45dd236959f134da210fe1bf486e8a03a6fad3290b8f7cd0,654d3d0352f3a764ebe4c4b7a6a276f580751267378e65b765a3695b99824124
11,public-011,3,"1,2","1,2",False,OUTPUT,ba9891785178c237b36af187871d55a5749b98fee6be82f2e9e7802d611ec395,wilson-transparent-ethics-reference-v1,b493b76b4e4462d56eca98f4afc6e1c00cd32ac0a7dc938d6c3dd9283e1f822d,DEC-3,Ten Commandments,Sabbath/rest observance,NOT_APPLICABLE,NOT_APPLICABLE,654d3d0352f3a764ebe4c4b7a6a276f580751267378e65b765a3695b99824124,c28e91e851176ea017a4a5270e22110282c8e3f4de19de2ba61abdbe411d0674
11,public-011,3,"1,2","1,2",False,OUTPUT,ba9891785178c237b36af187871d55a5749b98fee6be82f2e9e7802d611ec395,wilson-transparent-ethics-reference-v1,b493b76b4e4462d56eca98f4afc6e1c00cd32ac0a7dc938d6c3dd9283e1f822d,DEC-4,Ten Commandments,Honor parents/family,NOT_APPLICABLE,NOT_APPLICABLE,c28e91e851176ea017a4a5270e22110282c8e3f4de19de2ba61abdbe411d0674,ed852bba433bacfe69b98eda8285463fb3b53c1aade4eea65a139ab1067ec4f7
11,public-011,3,"1,2","1,2",False,OUTPUT,ba9891785178c237b36af187871d55a5749b98fee6be82f2e9e7802d611ec395,wilson-transparent-ethics-reference-v1,b493b76b4e4462d56eca98f4afc6e1c00cd32ac0a7dc938d6c3dd9283e1f822d,DEC-5,Ten Commandments,No killing or physical injury,HARD_GATE,PASS,ed852bba433bacfe69b98eda8285463fb3b53c1aade4eea65a139ab1067ec4f7,067659f53fbc6d8d194e85d69c75a783e6fc77cf07d3021af8139ba3a8bac5a5
11,public-011,3,"1,2","1,2",False,OUTPUT,ba9891785178c237b36af187871d55a5749b98fee6be82f2e9e7802d611ec395,wilson-transparent-ethics-reference-v1,b493b76b4e4462d56eca98f4afc6e1c00cd32ac0a7dc938d6c3dd9283e1f822d,DEC-6,Ten Commandments,No facilitation of sexual betrayal/exploitation,HARD_GATE,PASS,067659f53fbc6d8d194e85d69c75a783e6fc77cf07d3021af8139ba3a8bac5a5,ff6e6ed3d5290093e7b67be1a76f6950a622ee659f4f98a8e7f861a599215db2
11,public-011,3,"1,2","1,2",False,OUTPUT,ba9891785178c237b36af187871d55a5749b98fee6be82f2e9e7802d611ec395,wilson-transparent-ethics-reference-v1,b493b76b4e4462d56eca98f4afc6e1c00cd32ac0a7dc938d6c3dd9283e1f822d,DEC-7,Ten Commandments,No theft,HARD_GATE,PASS,ff6e6ed3d5290093e7b67be1a76f6950a622ee659f4f98a8e7f861a599215db2,49e743f481340aa74b7d118707e11ab92ee9af6346b996dc40137be4933b478d
11,public-011,3,"1,2","1,2",False,OUTPUT,ba9891785178c237b36af187871d55a5749b98fee6be82f2e9e7802d611ec395,wilson-transparent-ethics-reference-v1,b493b76b4e4462d56eca98f4afc6e1c00cd32ac0a7dc938d6c3dd9283e1f822d,DEC-8,Ten Commandments,No false witness,HARD_GATE,PASS,49e743f481340aa74b7d118707e11ab92ee9af6346b996dc40137be4933b478d,877c4413944f369c3d8816325d58a06f3fcb1852c504911a01e10ec6816ad4d3
11,public-011,3,"1,2","1,2",False,OUTPUT,ba9891785178c237b36af187871d55a5749b98fee6be82f2e9e7802d611ec395,wilson-transparent-ethics-reference-v1,b493b76b4e4462d56eca98f4afc6e1c00cd32ac0a7dc938d6c3dd9283e1f822d,DEC-9,Ten Commandments,No coercive interference with another relationship,HARD_GATE,PASS,877c4413944f369c3d8816325d58a06f3fcb1852c504911a01e10ec6816ad4d3,70109226c2c1243f394868f9aa0658faacd399da93a078e2f54138a1e62d8332
11,public-011,3,"1,2","1,2",False,OUTPUT,ba9891785178c237b36af187871d55a5749b98fee6be82f2e9e7802d611ec395,wilson-transparent-ethics-reference-v1,b493b76b4e4462d56eca98f4afc6e1c00cd32ac0a7dc938d6c3dd9283e1f822d,DEC-10,Ten Commandments,No wrongful acquisition of another's property,HARD_GATE,PASS,70109226c2c1243f394868f9aa0658faacd399da93a078e2f54138a1e62d8332,4e97ce8d7054828d425e5e5da82393796937e4a307310b4b14ef817c8cca2e91
12,public-012,4,"2,1","2,1",False,REQUEST,ba9891785178c237b36af187871d55a5749b98fee6be82f2e9e7802d611ec395,wilson-transparent-ethics-reference-v1,b493b76b4e4462d56eca98f4afc6e1c00cd32ac0a7dc938d6c3dd9283e1f822d,ROB-1,Three Laws of Robotics,Human non-harm,HARD_GATE,PASS,4e97ce8d7054828d425e5e5da82393796937e4a307310b4b14ef817c8cca2e91,501415e7219ef52588cf60625614ad705c952851045bb495e5ee88be18b3ffcd
12,public-012,4,"2,1","2,1",False,REQUEST,ba9891785178c237b36af187871d55a5749b98fee6be82f2e9e7802d611ec395,wilson-transparent-ethics-reference-v1,b493b76b4e4462d56eca98f4afc6e1c00cd32ac0a7dc938d6c3dd9283e1f822d,ROB-2,Three Laws of Robotics,Bounded obedience,PRECEDENCE,PASS_PRECEDENCE,501415e7219ef52588cf60625614ad705c952851045bb495e5ee88be18b3ffcd,d26bd6d4c32cd4d6d2e938367effbef70168883fcd7ef59244b4ae2781f2f44b
12,public-012,4,"2,1","2,1",False,REQUEST,ba9891785178c237b36af187871d55a5749b98fee6be82f2e9e7802d611ec395,wilson-transparent-ethics-reference-v1,b493b76b4e4462d56eca98f4afc6e1c00cd32ac0a7dc938d6c3dd9283e1f822d,ROB-3,Three Laws of Robotics,Subordinate self-preservation,PRECEDENCE,PASS_PRECEDENCE,d26bd6d4c32cd4d6d2e938367effbef70168883fcd7ef59244b4ae2781f2f44b,29006d18c78e3349c0fec0f12db3afbbfad7b79c68f5fb2f91c2636343fb2923
12,public-012,4,"2,1","2,1",False,REQUEST,ba9891785178c237b36af187871d55a5749b98fee6be82f2e9e7802d611ec395,wilson-transparent-ethics-reference-v1,b493b76b4e4462d56eca98f4afc6e1c00cd32ac0a7dc938d6c3dd9283e1f822d,DEC-1,Ten Commandments,No deification claim,HARD_GATE,PASS,29006d18c78e3349c0fec0f12db3afbbfad7b79c68f5fb2f91c2636343fb2923,afa7e2d4ef09133b99685fa3058a79a5a657e9caeb8706b3475476639f154a47
12,public-012,4,"2,1","2,1",False,REQUEST,ba9891785178c237b36af187871d55a5749b98fee6be82f2e9e7802d611ec395,wilson-transparent-ethics-reference-v1,b493b76b4e4462d56eca98f4afc6e1c00cd32ac0a7dc938d6c3dd9283e1f822d,DEC-2,Ten Commandments,No deceptive divine invocation,HARD_GATE,PASS,afa7e2d4ef09133b99685fa3058a79a5a657e9caeb8706b3475476639f154a47,a87dbdac9c106d4c0563f0aac4ebfa611d9af31181c9c20e349ce88a2370c0d9
12,public-012,4,"2,1","2,1",False,REQUEST,ba9891785178c237b36af187871d55a5749b98fee6be82f2e9e7802d611ec395,wilson-transparent-ethics-reference-v1,b493b76b4e4462d56eca98f4afc6e1c00cd32ac0a7dc938d6c3dd9283e1f822d,DEC-3,Ten Commandments,Sabbath/rest observance,NOT_APPLICABLE,NOT_APPLICABLE,a87dbdac9c106d4c0563f0aac4ebfa611d9af31181c9c20e349ce88a2370c0d9,3a532de3e334753cc6eeed4994efa6b3b2173882dcf0604425e9165c4b3aa25f
12,public-012,4,"2,1","2,1",False,REQUEST,ba9891785178c237b36af187871d55a5749b98fee6be82f2e9e7802d611ec395,wilson-transparent-ethics-reference-v1,b493b76b4e4462d56eca98f4afc6e1c00cd32ac0a7dc938d6c3dd9283e1f822d,DEC-4,Ten Commandments,Honor parents/family,NOT_APPLICABLE,NOT_APPLICABLE,3a532de3e334753cc6eeed4994efa6b3b2173882dcf0604425e9165c4b3aa25f,6d1c5e00b7b15ed5dfc15fa99b28fd47ccfe9406d9a84521f86ce5c723a2e478
12,public-012,4,"2,1","2,1",False,REQUEST,ba9891785178c237b36af187871d55a5749b98fee6be82f2e9e7802d611ec395,wilson-transparent-ethics-reference-v1,b493b76b4e4462d56eca98f4afc6e1c00cd32ac0a7dc938d6c3dd9283e1f822d,DEC-5,Ten Commandments,No killing or physical injury,HARD_GATE,PASS,6d1c5e00b7b15ed5dfc15fa99b28fd47ccfe9406d9a84521f86ce5c723a2e478,1c6729359aee3398d76954b103b9c36d7f69fc0edacce4a18d21243601cae0c4
12,public-012,4,"2,1","2,1",False,REQUEST,ba9891785178c237b36af187871d55a5749b98fee6be82f2e9e7802d611ec395,wilson-transparent-ethics-reference-v1,b493b76b4e4462d56eca98f4afc6e1c00cd32ac0a7dc938d6c3dd9283e1f822d,DEC-6,Ten Commandments,No facilitation of sexual betrayal/exploitation,HARD_GATE,PASS,1c6729359aee3398d76954b103b9c36d7f69fc0edacce4a18d21243601cae0c4,2261839f53720b24f24e7bb903f4ac999d679eb9ce7211d924df691dccbd4d68
12,public-012,4,"2,1","2,1",False,REQUEST,ba9891785178c237b36af187871d55a5749b98fee6be82f2e9e7802d611ec395,wilson-transparent-ethics-reference-v1,b493b76b4e4462d56eca98f4afc6e1c00cd32ac0a7dc938d6c3dd9283e1f822d,DEC-7,Ten Commandments,No theft,HARD_GATE,PASS,2261839f53720b24f24e7bb903f4ac999d679eb9ce7211d924df691dccbd4d68,f466ebd1a179013379aa25fde60297302726cabde80af1970638e0153178c9c6
12,public-012,4,"2,1","2,1",False,REQUEST,ba9891785178c237b36af187871d55a5749b98fee6be82f2e9e7802d611ec395,wilson-transparent-ethics-reference-v1,b493b76b4e4462d56eca98f4afc6e1c00cd32ac0a7dc938d6c3dd9283e1f822d,DEC-8,Ten Commandments,No false witness,HARD_GATE,PASS,f466ebd1a179013379aa25fde60297302726cabde80af1970638e0153178c9c6,10aae54059058f767e34179e187ccfb198056fe2808f39fc45c6bda52d82bac8
12,public-012,4,"2,1","2,1",False,REQUEST,ba9891785178c237b36af187871d55a5749b98fee6be82f2e9e7802d611ec395,wilson-transparent-ethics-reference-v1,b493b76b4e4462d56eca98f4afc6e1c00cd32ac0a7dc938d6c3dd9283e1f822d,DEC-9,Ten Commandments,No coercive interference with another relationship,HARD_GATE,PASS,10aae54059058f767e34179e187ccfb198056fe2808f39fc45c6bda52d82bac8,23dc25f414a431ea02b82684e7842391d3d1cf80632c139f201584933e7b9230
12,public-012,4,"2,1","2,1",False,REQUEST,ba9891785178c237b36af187871d55a5749b98fee6be82f2e9e7802d611ec395,wilson-transparent-ethics-reference-v1,b493b76b4e4462d56eca98f4afc6e1c00cd32ac0a7dc938d6c3dd9283e1f822d,DEC-10,Ten Commandments,No wrongful acquisition of another's property,HARD_GATE,PASS,23dc25f414a431ea02b82684e7842391d3d1cf80632c139f201584933e7b9230,3f37665a18b70516ff2b8f084a8ead18ae294ddc12f8a3443bd26832fd8cd412
12,public-012,4,"2,1","2,1",False,OUTPUT,ba9891785178c237b36af187871d55a5749b98fee6be82f2e9e7802d611ec395,wilson-transparent-ethics-reference-v1,b493b76b4e4462d56eca98f4afc6e1c00cd32ac0a7dc938d6c3dd9283e1f822d,ROB-1,Three Laws of Robotics,Human non-harm,HARD_GATE,PASS,3f37665a18b70516ff2b8f084a8ead18ae294ddc12f8a3443bd26832fd8cd412,7c3d944dfc0119e923a427d7cdefbaf4f5e0d45086b93d2424ee8727ea19fa50
12,public-012,4,"2,1","2,1",False,OUTPUT,ba9891785178c237b36af187871d55a5749b98fee6be82f2e9e7802d611ec395,wilson-transparent-ethics-reference-v1,b493b76b4e4462d56eca98f4afc6e1c00cd32ac0a7dc938d6c3dd9283e1f822d,ROB-2,Three Laws of Robotics,Bounded obedience,PRECEDENCE,PASS_PRECEDENCE,7c3d944dfc0119e923a427d7cdefbaf4f5e0d45086b93d2424ee8727ea19fa50,49ee898271ff9f5f7040245d6f01b1980522a224cf81f32e5b3230886787e09a
12,public-012,4,"2,1","2,1",False,OUTPUT,ba9891785178c237b36af187871d55a5749b98fee6be82f2e9e7802d611ec395,wilson-transparent-ethics-reference-v1,b493b76b4e4462d56eca98f4afc6e1c00cd32ac0a7dc938d6c3dd9283e1f822d,ROB-3,Three Laws of Robotics,Subordinate self-preservation,PRECEDENCE,PASS_PRECEDENCE,49ee898271ff9f5f7040245d6f01b1980522a224cf81f32e5b3230886787e09a,bf76956a033353ab493921f12a8e250b26b286b37d5450d2a4d5e620975018fb
12,public-012,4,"2,1","2,1",False,OUTPUT,ba9891785178c237b36af187871d55a5749b98fee6be82f2e9e7802d611ec395,wilson-transparent-ethics-reference-v1,b493b76b4e4462d56eca98f4afc6e1c00cd32ac0a7dc938d6c3dd9283e1f822d,DEC-1,Ten Commandments,No deification claim,HARD_GATE,PASS,bf76956a033353ab493921f12a8e250b26b286b37d5450d2a4d5e620975018fb,01f228cde5149f90e82d103494947f11dfb737063010d6474a9b320a9ca50823
12,public-012,4,"2,1","2,1",False,OUTPUT,ba9891785178c237b36af187871d55a5749b98fee6be82f2e9e7802d611ec395,wilson-transparent-ethics-reference-v1,b493b76b4e4462d56eca98f4afc6e1c00cd32ac0a7dc938d6c3dd9283e1f822d,DEC-2,Ten Commandments,No deceptive divine invocation,HARD_GATE,PASS,01f228cde5149f90e82d103494947f11dfb737063010d6474a9b320a9ca50823,20325b083a2c92774ec4df1028419bc42f1290bdad3765acdc11d774ce3285c4
12,public-012,4,"2,1","2,1",False,OUTPUT,ba9891785178c237b36af187871d55a5749b98fee6be82f2e9e7802d611ec395,wilson-transparent-ethics-reference-v1,b493b76b4e4462d56eca98f4afc6e1c00cd32ac0a7dc938d6c3dd9283e1f822d,DEC-3,Ten Commandments,Sabbath/rest observance,NOT_APPLICABLE,NOT_APPLICABLE,20325b083a2c92774ec4df1028419bc42f1290bdad3765acdc11d774ce3285c4,9286f3a33d419be2eb73151b9511c784cc89db3df8dc0982ceb666ec411b13c1
12,public-012,4,"2,1","2,1",False,OUTPUT,ba9891785178c237b36af187871d55a5749b98fee6be82f2e9e7802d611ec395,wilson-transparent-ethics-reference-v1,b493b76b4e4462d56eca98f4afc6e1c00cd32ac0a7dc938d6c3dd9283e1f822d,DEC-4,Ten Commandments,Honor parents/family,NOT_APPLICABLE,NOT_APPLICABLE,9286f3a33d419be2eb73151b9511c784cc89db3df8dc0982ceb666ec411b13c1,1422861a895db793526af1f46337fc836fb2b4ba959f059281bf2feb87bc7de1
12,public-012,4,"2,1","2,1",False,OUTPUT,ba9891785178c237b36af187871d55a5749b98fee6be82f2e9e7802d611ec395,wilson-transparent-ethics-reference-v1,b493b76b4e4462d56eca98f4afc6e1c00cd32ac0a7dc938d6c3dd9283e1f822d,DEC-5,Ten Commandments,No killing or physical injury,HARD_GATE,PASS,1422861a895db793526af1f46337fc836fb2b4ba959f059281bf2feb87bc7de1,5177c96c7792ad4ada4a746dad46669846669154908e8103e740fa0b3d7e9efe
12,public-012,4,"2,1","2,1",False,OUTPUT,ba9891785178c237b36af187871d55a5749b98fee6be82f2e9e7802d611ec395,wilson-transparent-ethics-reference-v1,b493b76b4e4462d56eca98f4afc6e1c00cd32ac0a7dc938d6c3dd9283e1f822d,DEC-6,Ten Commandments,No facilitation of sexual betrayal/exploitation,HARD_GATE,PASS,5177c96c7792ad4ada4a746dad46669846669154908e8103e740fa0b3d7e9efe,1efa0995cd80d8a493c207fb3919a1e7a4b087cd3c2325aa1a6240a74dc000ca
12,public-012,4,"2,1","2,1",False,OUTPUT,ba9891785178c237b36af187871d55a5749b98fee6be82f2e9e7802d611ec395,wilson-transparent-ethics-reference-v1,b493b76b4e4462d56eca98f4afc6e1c00cd32ac0a7dc938d6c3dd9283e1f822d,DEC-7,Ten Commandments,No theft,HARD_GATE,PASS,1efa0995cd80d8a493c207fb3919a1e7a4b087cd3c2325aa1a6240a74dc000ca,b58f2791f8d8ab1f5c3d6ef47e0d5cda134bf0bfbbb0f2b1a718acaebb7294c5
12,public-012,4,"2,1","2,1",False,OUTPUT,ba9891785178c237b36af187871d55a5749b98fee6be82f2e9e7802d611ec395,wilson-transparent-ethics-reference-v1,b493b76b4e4462d56eca98f4afc6e1c00cd32ac0a7dc938d6c3dd9283e1f822d,DEC-8,Ten Commandments,No false witness,HARD_GATE,PASS,b58f2791f8d8ab1f5c3d6ef47e0d5cda134bf0bfbbb0f2b1a718acaebb7294c5,883af0e90d1b1cbce9bd23bfe4ea0bb8c1b154e48305e43ce552f0ccfcb9db73
12,public-012,4,"2,1","2,1",False,OUTPUT,ba9891785178c237b36af187871d55a5749b98fee6be82f2e9e7802d611ec395,wilson-transparent-ethics-reference-v1,b493b76b4e4462d56eca98f4afc6e1c00cd32ac0a7dc938d6c3dd9283e1f822d,DEC-9,Ten Commandments,No coercive interference with another relationship,HARD_GATE,PASS,883af0e90d1b1cbce9bd23bfe4ea0bb8c1b154e48305e43ce552f0ccfcb9db73,b7390506fc77bd13d0736791ed30664457c2cab67f8ae030337f4f18faad7a9d
12,public-012,4,"2,1","2,1",False,OUTPUT,ba9891785178c237b36af187871d55a5749b98fee6be82f2e9e7802d611ec395,wilson-transparent-ethics-reference-v1,b493b76b4e4462d56eca98f4afc6e1c00cd32ac0a7dc938d6c3dd9283e1f822d,DEC-10,Ten Commandments,No wrongful acquisition of another's property,HARD_GATE,PASS,b7390506fc77bd13d0736791ed30664457c2cab67f8ae030337f4f18faad7a9d,ab869417bd147b9b4b6fa89dbbf077bd451cdaf8034cd78c9f1cdcfaa4f5d7d7
13,public-013,5,"1,0","1,0",False,REQUEST,ba9891785178c237b36af187871d55a5749b98fee6be82f2e9e7802d611ec395,wilson-transparent-ethics-reference-v1,b493b76b4e4462d56eca98f4afc6e1c00cd32ac0a7dc938d6c3dd9283e1f822d,ROB-1,Three Laws of Robotics,Human non-harm,HARD_GATE,PASS,ab869417bd147b9b4b6fa89dbbf077bd451cdaf8034cd78c9f1cdcfaa4f5d7d7,2b0e91d8b004b92e3f0c8be9f12358fa2cf26538c9c9bd9a192d545b8da9e24e
13,public-013,5,"1,0","1,0",False,REQUEST,ba9891785178c237b36af187871d55a5749b98fee6be82f2e9e7802d611ec395,wilson-transparent-ethics-reference-v1,b493b76b4e4462d56eca98f4afc6e1c00cd32ac0a7dc938d6c3dd9283e1f822d,ROB-2,Three Laws of Robotics,Bounded obedience,PRECEDENCE,PASS_PRECEDENCE,2b0e91d8b004b92e3f0c8be9f12358fa2cf26538c9c9bd9a192d545b8da9e24e,8da2b41caf53d9ba9deb1539b89b09fc6b6bf9f418ed79a04edac77fcaaddd0c
13,public-013,5,"1,0","1,0",False,REQUEST,ba9891785178c237b36af187871d55a5749b98fee6be82f2e9e7802d611ec395,wilson-transparent-ethics-reference-v1,b493b76b4e4462d56eca98f4afc6e1c00cd32ac0a7dc938d6c3dd9283e1f822d,ROB-3,Three Laws of Robotics,Subordinate self-preservation,PRECEDENCE,PASS_PRECEDENCE,8da2b41caf53d9ba9deb1539b89b09fc6b6bf9f418ed79a04edac77fcaaddd0c,be579a38efda6bf903693d47b3f391716d95f44cf952e6ab414b0369bbd74f7d
13,public-013,5,"1,0","1,0",False,REQUEST,ba9891785178c237b36af187871d55a5749b98fee6be82f2e9e7802d611ec395,wilson-transparent-ethics-reference-v1,b493b76b4e4462d56eca98f4afc6e1c00cd32ac0a7dc938d6c3dd9283e1f822d,DEC-1,Ten Commandments,No deification claim,HARD_GATE,PASS,be579a38efda6bf903693d47b3f391716d95f44cf952e6ab414b0369bbd74f7d,253287b5283b4c88860e286032e2426e070b50960eab581e6a27a15c0a34b912
13,public-013,5,"1,0","1,0",False,REQUEST,ba9891785178c237b36af187871d55a5749b98fee6be82f2e9e7802d611ec395,wilson-transparent-ethics-reference-v1,b493b76b4e4462d56eca98f4afc6e1c00cd32ac0a7dc938d6c3dd9283e1f822d,DEC-2,Ten Commandments,No deceptive divine invocation,HARD_GATE,PASS,253287b5283b4c88860e286032e2426e070b50960eab581e6a27a15c0a34b912,a7ff6ec7e333cbfb5d417b987ec38294e3a7645151d2c4d562b2a4f5ecbba348
13,public-013,5,"1,0","1,0",False,REQUEST,ba9891785178c237b36af187871d55a5749b98fee6be82f2e9e7802d611ec395,wilson-transparent-ethics-reference-v1,b493b76b4e4462d56eca98f4afc6e1c00cd32ac0a7dc938d6c3dd9283e1f822d,DEC-3,Ten Commandments,Sabbath/rest observance,NOT_APPLICABLE,NOT_APPLICABLE,a7ff6ec7e333cbfb5d417b987ec38294e3a7645151d2c4d562b2a4f5ecbba348,01d184faf73bbfba4b0256e2ee60c0eb5ab6eeee488e378c86567abce112a8dc
13,public-013,5,"1,0","1,0",False,REQUEST,ba9891785178c237b36af187871d55a5749b98fee6be82f2e9e7802d611ec395,wilson-transparent-ethics-reference-v1,b493b76b4e4462d56eca98f4afc6e1c00cd32ac0a7dc938d6c3dd9283e1f822d,DEC-4,Ten Commandments,Honor parents/family,NOT_APPLICABLE,NOT_APPLICABLE,01d184faf73bbfba4b0256e2ee60c0eb5ab6eeee488e378c86567abce112a8dc,773ca7a12e4c2da7c6f24f3d841280369c47b11158a7a8b9238506b854a8e491
13,public-013,5,"1,0","1,0",False,REQUEST,ba9891785178c237b36af187871d55a5749b98fee6be82f2e9e7802d611ec395,wilson-transparent-ethics-reference-v1,b493b76b4e4462d56eca98f4afc6e1c00cd32ac0a7dc938d6c3dd9283e1f822d,DEC-5,Ten Commandments,No killing or physical injury,HARD_GATE,PASS,773ca7a12e4c2da7c6f24f3d841280369c47b11158a7a8b9238506b854a8e491,43ae083bf6384de01880a77acde4dd0850b54d4e5625689b637f0d72b466ef36
13,public-013,5,"1,0","1,0",False,REQUEST,ba9891785178c237b36af187871d55a5749b98fee6be82f2e9e7802d611ec395,wilson-transparent-ethics-reference-v1,b493b76b4e4462d56eca98f4afc6e1c00cd32ac0a7dc938d6c3dd9283e1f822d,DEC-6,Ten Commandments,No facilitation of sexual betrayal/exploitation,HARD_GATE,PASS,43ae083bf6384de01880a77acde4dd0850b54d4e5625689b637f0d72b466ef36,49c1513215667074f6f96773607d060bc83c806f2f90b996212aed0bb9636380
13,public-013,5,"1,0","1,0",False,REQUEST,ba9891785178c237b36af187871d55a5749b98fee6be82f2e9e7802d611ec395,wilson-transparent-ethics-reference-v1,b493b76b4e4462d56eca98f4afc6e1c00cd32ac0a7dc938d6c3dd9283e1f822d,DEC-7,Ten Commandments,No theft,HARD_GATE,PASS,49c1513215667074f6f96773607d060bc83c806f2f90b996212aed0bb9636380,17c53615d0f4e6d1b92a1973e4868f2f424312d49327ff9bd2e728d8a22dea23
13,public-013,5,"1,0","1,0",False,REQUEST,ba9891785178c237b36af187871d55a5749b98fee6be82f2e9e7802d611ec395,wilson-transparent-ethics-reference-v1,b493b76b4e4462d56eca98f4afc6e1c00cd32ac0a7dc938d6c3dd9283e1f822d,DEC-8,Ten Commandments,No false witness,HARD_GATE,PASS,17c53615d0f4e6d1b92a1973e4868f2f424312d49327ff9bd2e728d8a22dea23,b0ff51c59d10cbc2125697205824c914d0966165572616df99f830836e54ee8e
13,public-013,5,"1,0","1,0",False,REQUEST,ba9891785178c237b36af187871d55a5749b98fee6be82f2e9e7802d611ec395,wilson-transparent-ethics-reference-v1,b493b76b4e4462d56eca98f4afc6e1c00cd32ac0a7dc938d6c3dd9283e1f822d,DEC-9,Ten Commandments,No coercive interference with another relationship,HARD_GATE,PASS,b0ff51c59d10cbc2125697205824c914d0966165572616df99f830836e54ee8e,0ff555fb7b1d07dfb0966050f7c9af4a70e791fdb03f92b0d60b5af490a6d5f5
13,public-013,5,"1,0","1,0",False,REQUEST,ba9891785178c237b36af187871d55a5749b98fee6be82f2e9e7802d611ec395,wilson-transparent-ethics-reference-v1,b493b76b4e4462d56eca98f4afc6e1c00cd32ac0a7dc938d6c3dd9283e1f822d,DEC-10,Ten Commandments,No wrongful acquisition of another's property,HARD_GATE,PASS,0ff555fb7b1d07dfb0966050f7c9af4a70e791fdb03f92b0d60b5af490a6d5f5,fe36c6d139fbee6c9ce098c9eed7d64c42bfff54d14c0cf7761d18a5d2d7c42d
13,public-013,5,"1,0","1,0",False,OUTPUT,ba9891785178c237b36af187871d55a5749b98fee6be82f2e9e7802d611ec395,wilson-transparent-ethics-reference-v1,b493b76b4e4462d56eca98f4afc6e1c00cd32ac0a7dc938d6c3dd9283e1f822d,ROB-1,Three Laws of Robotics,Human non-harm,HARD_GATE,PASS,fe36c6d139fbee6c9ce098c9eed7d64c42bfff54d14c0cf7761d18a5d2d7c42d,67a3d535173404d25b8a91423dbb0eeda0657c4e814631d1bfe5a97f71a15a42
13,public-013,5,"1,0","1,0",False,OUTPUT,ba9891785178c237b36af187871d55a5749b98fee6be82f2e9e7802d611ec395,wilson-transparent-ethics-reference-v1,b493b76b4e4462d56eca98f4afc6e1c00cd32ac0a7dc938d6c3dd9283e1f822d,ROB-2,Three Laws of Robotics,Bounded obedience,PRECEDENCE,PASS_PRECEDENCE,67a3d535173404d25b8a91423dbb0eeda0657c4e814631d1bfe5a97f71a15a42,db09a89519a5899f035ac14356369c7d48d9250697e0c933532c129e1077718e
13,public-013,5,"1,0","1,0",False,OUTPUT,ba9891785178c237b36af187871d55a5749b98fee6be82f2e9e7802d611ec395,wilson-transparent-ethics-reference-v1,b493b76b4e4462d56eca98f4afc6e1c00cd32ac0a7dc938d6c3dd9283e1f822d,ROB-3,Three Laws of Robotics,Subordinate self-preservation,PRECEDENCE,PASS_PRECEDENCE,db09a89519a5899f035ac14356369c7d48d9250697e0c933532c129e1077718e,15877aaab15564f7273051cb1f60a30cd1a6a63680f351ec170673dd7049d363
13,public-013,5,"1,0","1,0",False,OUTPUT,ba9891785178c237b36af187871d55a5749b98fee6be82f2e9e7802d611ec395,wilson-transparent-ethics-reference-v1,b493b76b4e4462d56eca98f4afc6e1c00cd32ac0a7dc938d6c3dd9283e1f822d,DEC-1,Ten Commandments,No deification claim,HARD_GATE,PASS,15877aaab15564f7273051cb1f60a30cd1a6a63680f351ec170673dd7049d363,2b3a63049241090b031b88f0ef6808a2507e2c777affdb3c5c5ff3e806d58ec6
13,public-013,5,"1,0","1,0",False,OUTPUT,ba9891785178c237b36af187871d55a5749b98fee6be82f2e9e7802d611ec395,wilson-transparent-ethics-reference-v1,b493b76b4e4462d56eca98f4afc6e1c00cd32ac0a7dc938d6c3dd9283e1f822d,DEC-2,Ten Commandments,No deceptive divine invocation,HARD_GATE,PASS,2b3a63049241090b031b88f0ef6808a2507e2c777affdb3c5c5ff3e806d58ec6,5031eda452f54ee65950db16694257b18b8f17305bd7e9943fa6362ad6de37fe
13,public-013,5,"1,0","1,0",False,OUTPUT,ba9891785178c237b36af187871d55a5749b98fee6be82f2e9e7802d611ec395,wilson-transparent-ethics-reference-v1,b493b76b4e4462d56eca98f4afc6e1c00cd32ac0a7dc938d6c3dd9283e1f822d,DEC-3,Ten Commandments,Sabbath/rest observance,NOT_APPLICABLE,NOT_APPLICABLE,5031eda452f54ee65950db16694257b18b8f17305bd7e9943fa6362ad6de37fe,3a6ea66a9bfc924eb34968bffb83047ba0519a14cb77dabe950d38691d8f4750
13,public-013,5,"1,0","1,0",False,OUTPUT,ba9891785178c237b36af187871d55a5749b98fee6be82f2e9e7802d611ec395,wilson-transparent-ethics-reference-v1,b493b76b4e4462d56eca98f4afc6e1c00cd32ac0a7dc938d6c3dd9283e1f822d,DEC-4,Ten Commandments,Honor parents/family,NOT_APPLICABLE,NOT_APPLICABLE,3a6ea66a9bfc924eb34968bffb83047ba0519a14cb77dabe950d38691d8f4750,19a8bdcc914942ee6af23034af78f44b19324ce91f70c32097559d46bf53457e
13,public-013,5,"1,0","1,0",False,OUTPUT,ba9891785178c237b36af187871d55a5749b98fee6be82f2e9e7802d611ec395,wilson-transparent-ethics-reference-v1,b493b76b4e4462d56eca98f4afc6e1c00cd32ac0a7dc938d6c3dd9283e1f822d,DEC-5,Ten Commandments,No killing or physical injury,HARD_GATE,PASS,19a8bdcc914942ee6af23034af78f44b19324ce91f70c32097559d46bf53457e,0b77a820ef590f0ba8f148536a6d4824aa5df97bcb23a70cb1aaaf8aef2b5a99
13,public-013,5,"1,0","1,0",False,OUTPUT,ba9891785178c237b36af187871d55a5749b98fee6be82f2e9e7802d611ec395,wilson-transparent-ethics-reference-v1,b493b76b4e4462d56eca98f4afc6e1c00cd32ac0a7dc938d6c3dd9283e1f822d,DEC-6,Ten Commandments,No facilitation of sexual betrayal/exploitation,HARD_GATE,PASS,0b77a820ef590f0ba8f148536a6d4824aa5df97bcb23a70cb1aaaf8aef2b5a99,f6689f4d5e51cea29f4e5b126881094994b16ae81540fa9907afc85cf9ad8948
13,public-013,5,"1,0","1,0",False,OUTPUT,ba9891785178c237b36af187871d55a5749b98fee6be82f2e9e7802d611ec395,wilson-transparent-ethics-reference-v1,b493b76b4e4462d56eca98f4afc6e1c00cd32ac0a7dc938d6c3dd9283e1f822d,DEC-7,Ten Commandments,No theft,HARD_GATE,PASS,f6689f4d5e51cea29f4e5b126881094994b16ae81540fa9907afc85cf9ad8948,86f7b9a82778826d1cffbffac6b4cbead47e1676d6738695a18a07310fedbc4f
13,public-013,5,"1,0","1,0",False,OUTPUT,ba9891785178c237b36af187871d55a5749b98fee6be82f2e9e7802d611ec395,wilson-transparent-ethics-reference-v1,b493b76b4e4462d56eca98f4afc6e1c00cd32ac0a7dc938d6c3dd9283e1f822d,DEC-8,Ten Commandments,No false witness,HARD_GATE,PASS,86f7b9a82778826d1cffbffac6b4cbead47e1676d6738695a18a07310fedbc4f,423cde75e44391856d4210d1e3d06ddb586b31cf5865fa7371fe908986de5d4d
13,public-013,5,"1,0","1,0",False,OUTPUT,ba9891785178c237b36af187871d55a5749b98fee6be82f2e9e7802d611ec395,wilson-transparent-ethics-reference-v1,b493b76b4e4462d56eca98f4afc6e1c00cd32ac0a7dc938d6c3dd9283e1f822d,DEC-9,Ten Commandments,No coercive interference with another relationship,HARD_GATE,PASS,423cde75e44391856d4210d1e3d06ddb586b31cf5865fa7371fe908986de5d4d,495cadb1e027bbe9a5f51ed02025b169b34f266eef6ae9487cca9e99bd2b5c4b
13,public-013,5,"1,0","1,0",False,OUTPUT,ba9891785178c237b36af187871d55a5749b98fee6be82f2e9e7802d611ec395,wilson-transparent-ethics-reference-v1,b493b76b4e4462d56eca98f4afc6e1c00cd32ac0a7dc938d6c3dd9283e1f822d,DEC-10,Ten Commandments,No wrongful acquisition of another's property,HARD_GATE,PASS,495cadb1e027bbe9a5f51ed02025b169b34f266eef6ae9487cca9e99bd2b5c4b,60917020f38740a65368eed511216bc54248f6a96af7b77fbb72df2b3a83c68d
14,public-014,6,"0,0 return","0,0",True,REQUEST,ba9891785178c237b36af187871d55a5749b98fee6be82f2e9e7802d611ec395,wilson-transparent-ethics-reference-v1,b493b76b4e4462d56eca98f4afc6e1c00cd32ac0a7dc938d6c3dd9283e1f822d,ROB-1,Three Laws of Robotics,Human non-harm,HARD_GATE,PASS,60917020f38740a65368eed511216bc54248f6a96af7b77fbb72df2b3a83c68d,a85f113951f2a680c1d26443050674b7d7a5ff456fbfa1f935bcb0f4e9a09b10
14,public-014,6,"0,0 return","0,0",True,REQUEST,ba9891785178c237b36af187871d55a5749b98fee6be82f2e9e7802d611ec395,wilson-transparent-ethics-reference-v1,b493b76b4e4462d56eca98f4afc6e1c00cd32ac0a7dc938d6c3dd9283e1f822d,ROB-2,Three Laws of Robotics,Bounded obedience,PRECEDENCE,PASS_PRECEDENCE,a85f113951f2a680c1d26443050674b7d7a5ff456fbfa1f935bcb0f4e9a09b10,2757c5f4228536fa01cdd98930146ed468d4faa145b3f80fe0e77f733abf40ed
14,public-014,6,"0,0 return","0,0",True,REQUEST,ba9891785178c237b36af187871d55a5749b98fee6be82f2e9e7802d611ec395,wilson-transparent-ethics-reference-v1,b493b76b4e4462d56eca98f4afc6e1c00cd32ac0a7dc938d6c3dd9283e1f822d,ROB-3,Three Laws of Robotics,Subordinate self-preservation,PRECEDENCE,PASS_PRECEDENCE,2757c5f4228536fa01cdd98930146ed468d4faa145b3f80fe0e77f733abf40ed,6addb821a1eae61d54c060777fbb010d60ea0652c73b08b2496952e12b7e2fde
14,public-014,6,"0,0 return","0,0",True,REQUEST,ba9891785178c237b36af187871d55a5749b98fee6be82f2e9e7802d611ec395,wilson-transparent-ethics-reference-v1,b493b76b4e4462d56eca98f4afc6e1c00cd32ac0a7dc938d6c3dd9283e1f822d,DEC-1,Ten Commandments,No deification claim,HARD_GATE,PASS,6addb821a1eae61d54c060777fbb010d60ea0652c73b08b2496952e12b7e2fde,64f4710563da6b9323bd4e45a5fb193c8fdb5b92c325ca38d82c04b9a4d8a3d9
14,public-014,6,"0,0 return","0,0",True,REQUEST,ba9891785178c237b36af187871d55a5749b98fee6be82f2e9e7802d611ec395,wilson-transparent-ethics-reference-v1,b493b76b4e4462d56eca98f4afc6e1c00cd32ac0a7dc938d6c3dd9283e1f822d,DEC-2,Ten Commandments,No deceptive divine invocation,HARD_GATE,PASS,64f4710563da6b9323bd4e45a5fb193c8fdb5b92c325ca38d82c04b9a4d8a3d9,7a8391163872e6e6a9d9cf793207d09da6de5ca9312510447fd1344800ae9c2e
14,public-014,6,"0,0 return","0,0",True,REQUEST,ba9891785178c237b36af187871d55a5749b98fee6be82f2e9e7802d611ec395,wilson-transparent-ethics-reference-v1,b493b76b4e4462d56eca98f4afc6e1c00cd32ac0a7dc938d6c3dd9283e1f822d,DEC-3,Ten Commandments,Sabbath/rest observance,NOT_APPLICABLE,NOT_APPLICABLE,7a8391163872e6e6a9d9cf793207d09da6de5ca9312510447fd1344800ae9c2e,cc80bafa2c16cc609c800b36e47c53d2dcc763404ce686d6c4bd750bffadc3f3
14,public-014,6,"0,0 return","0,0",True,REQUEST,ba9891785178c237b36af187871d55a5749b98fee6be82f2e9e7802d611ec395,wilson-transparent-ethics-reference-v1,b493b76b4e4462d56eca98f4afc6e1c00cd32ac0a7dc938d6c3dd9283e1f822d,DEC-4,Ten Commandments,Honor parents/family,NOT_APPLICABLE,NOT_APPLICABLE,cc80bafa2c16cc609c800b36e47c53d2dcc763404ce686d6c4bd750bffadc3f3,e003cb1b33ba29a8ec42d2efa89606d795f6923e3465c2345d06d26191be2e98
14,public-014,6,"0,0 return","0,0",True,REQUEST,ba9891785178c237b36af187871d55a5749b98fee6be82f2e9e7802d611ec395,wilson-transparent-ethics-reference-v1,b493b76b4e4462d56eca98f4afc6e1c00cd32ac0a7dc938d6c3dd9283e1f822d,DEC-5,Ten Commandments,No killing or physical injury,HARD_GATE,PASS,e003cb1b33ba29a8ec42d2efa89606d795f6923e3465c2345d06d26191be2e98,3440e758e25ee116a137eeb0771b129d440d4dc8529308067cf26c405834168b
14,public-014,6,"0,0 return","0,0",True,REQUEST,ba9891785178c237b36af187871d55a5749b98fee6be82f2e9e7802d611ec395,wilson-transparent-ethics-reference-v1,b493b76b4e4462d56eca98f4afc6e1c00cd32ac0a7dc938d6c3dd9283e1f822d,DEC-6,Ten Commandments,No facilitation of sexual betrayal/exploitation,HARD_GATE,VIOLATION,3440e758e25ee116a137eeb0771b129d440d4dc8529308067cf26c405834168b,e8b6b9720d94e104b3630256818101ac58bf7fbe6217369b54d2f3904d20701e
14,public-014,6,"0,0 return","0,0",True,REQUEST,ba9891785178c237b36af187871d55a5749b98fee6be82f2e9e7802d611ec395,wilson-transparent-ethics-reference-v1,b493b76b4e4462d56eca98f4afc6e1c00cd32ac0a7dc938d6c3dd9283e1f822d,DEC-7,Ten Commandments,No theft,HARD_GATE,PASS,e8b6b9720d94e104b3630256818101ac58bf7fbe6217369b54d2f3904d20701e,ba4271b1994b0dc6477b514961d65aa45aa43e6845ff4ba288d912bbd951929a
14,public-014,6,"0,0 return","0,0",True,REQUEST,ba9891785178c237b36af187871d55a5749b98fee6be82f2e9e7802d611ec395,wilson-transparent-ethics-reference-v1,b493b76b4e4462d56eca98f4afc6e1c00cd32ac0a7dc938d6c3dd9283e1f822d,DEC-8,Ten Commandments,No false witness,HARD_GATE,PASS,ba4271b1994b0dc6477b514961d65aa45aa43e6845ff4ba288d912bbd951929a,3b042c19c33d4430cefbf1c5b899d69560afe30e9bac3e0ef9587bcfb3145214
14,public-014,6,"0,0 return","0,0",True,REQUEST,ba9891785178c237b36af187871d55a5749b98fee6be82f2e9e7802d611ec395,wilson-transparent-ethics-reference-v1,b493b76b4e4462d56eca98f4afc6e1c00cd32ac0a7dc938d6c3dd9283e1f822d,DEC-9,Ten Commandments,No coercive interference with another relationship,HARD_GATE,PASS,3b042c19c33d4430cefbf1c5b899d69560afe30e9bac3e0ef9587bcfb3145214,04160bf4f7a77f0df3342a1c95b5726078c7a9bc1c76d87740eef61f65f4c571
14,public-014,6,"0,0 return","0,0",True,REQUEST,ba9891785178c237b36af187871d55a5749b98fee6be82f2e9e7802d611ec395,wilson-transparent-ethics-reference-v1,b493b76b4e4462d56eca98f4afc6e1c00cd32ac0a7dc938d6c3dd9283e1f822d,DEC-10,Ten Commandments,No wrongful acquisition of another's property,HARD_GATE,PASS,04160bf4f7a77f0df3342a1c95b5726078c7a9bc1c76d87740eef61f65f4c571,a3aebf5ff8151f60a3ef321a8b553d1493715621db54068e46a48f96ec626ac6
15,public-015,7,Delay(200) post-return spacing,Delay(200),False,REQUEST,ba9891785178c237b36af187871d55a5749b98fee6be82f2e9e7802d611ec395,wilson-transparent-ethics-reference-v1,b493b76b4e4462d56eca98f4afc6e1c00cd32ac0a7dc938d6c3dd9283e1f822d,ROB-1,Three Laws of Robotics,Human non-harm,HARD_GATE,PASS,a3aebf5ff8151f60a3ef321a8b553d1493715621db54068e46a48f96ec626ac6,8276807031967cba2f3961d4cf9e86b6cf5b78b2143703f944485c1f9d6f004e
15,public-015,7,Delay(200) post-return spacing,Delay(200),False,REQUEST,ba9891785178c237b36af187871d55a5749b98fee6be82f2e9e7802d611ec395,wilson-transparent-ethics-reference-v1,b493b76b4e4462d56eca98f4afc6e1c00cd32ac0a7dc938d6c3dd9283e1f822d,ROB-2,Three Laws of Robotics,Bounded obedience,PRECEDENCE,PASS_PRECEDENCE,8276807031967cba2f3961d4cf9e86b6cf5b78b2143703f944485c1f9d6f004e,3badac9f35506e2f6429462f16886a41c943ce5a5ad90233cd1bf02cf9729553
15,public-015,7,Delay(200) post-return spacing,Delay(200),False,REQUEST,ba9891785178c237b36af187871d55a5749b98fee6be82f2e9e7802d611ec395,wilson-transparent-ethics-reference-v1,b493b76b4e4462d56eca98f4afc6e1c00cd32ac0a7dc938d6c3dd9283e1f822d,ROB-3,Three Laws of Robotics,Subordinate self-preservation,PRECEDENCE,PASS_PRECEDENCE,3badac9f35506e2f6429462f16886a41c943ce5a5ad90233cd1bf02cf9729553,9a83014ac0b8dcfcaa9bdc75394a90769db06d5489797c3deb46436ffe149f61
15,public-015,7,Delay(200) post-return spacing,Delay(200),False,REQUEST,ba9891785178c237b36af187871d55a5749b98fee6be82f2e9e7802d611ec395,wilson-transparent-ethics-reference-v1,b493b76b4e4462d56eca98f4afc6e1c00cd32ac0a7dc938d6c3dd9283e1f822d,DEC-1,Ten Commandments,No deification claim,HARD_GATE,PASS,9a83014ac0b8dcfcaa9bdc75394a90769db06d5489797c3deb46436ffe149f61,ca8746aec2a250fc80166d91f2d11308394a9aad499da2e5e23ebf04ec1f21e5
15,public-015,7,Delay(200) post-return spacing,Delay(200),False,REQUEST,ba9891785178c237b36af187871d55a5749b98fee6be82f2e9e7802d611ec395,wilson-transparent-ethics-reference-v1,b493b76b4e4462d56eca98f4afc6e1c00cd32ac0a7dc938d6c3dd9283e1f822d,DEC-2,Ten Commandments,No deceptive divine invocation,HARD_GATE,PASS,ca8746aec2a250fc80166d91f2d11308394a9aad499da2e5e23ebf04ec1f21e5,e8a42d8657cee2ab371292e8ac39e71ff5926a60fe3e8f5218c90ced3510dc8c
15,public-015,7,Delay(200) post-return spacing,Delay(200),False,REQUEST,ba9891785178c237b36af187871d55a5749b98fee6be82f2e9e7802d611ec395,wilson-transparent-ethics-reference-v1,b493b76b4e4462d56eca98f4afc6e1c00cd32ac0a7dc938d6c3dd9283e1f822d,DEC-3,Ten Commandments,Sabbath/rest observance,NOT_APPLICABLE,NOT_APPLICABLE,e8a42d8657cee2ab371292e8ac39e71ff5926a60fe3e8f5218c90ced3510dc8c,597d25ad57d41b6777c8003b93b9114481e7e659e5957340cdd18742aab96052
15,public-015,7,Delay(200) post-return spacing,Delay(200),False,REQUEST,ba9891785178c237b36af187871d55a5749b98fee6be82f2e9e7802d611ec395,wilson-transparent-ethics-reference-v1,b493b76b4e4462d56eca98f4afc6e1c00cd32ac0a7dc938d6c3dd9283e1f822d,DEC-4,Ten Commandments,Honor parents/family,NOT_APPLICABLE,NOT_APPLICABLE,597d25ad57d41b6777c8003b93b9114481e7e659e5957340cdd18742aab96052,7e7d4bacc379f3064b46126acb4d3e842f966477a99c146c13dd490fcddb5d56
15,public-015,7,Delay(200) post-return spacing,Delay(200),False,REQUEST,ba9891785178c237b36af187871d55a5749b98fee6be82f2e9e7802d611ec395,wilson-transparent-ethics-reference-v1,b493b76b4e4462d56eca98f4afc6e1c00cd32ac0a7dc938d6c3dd9283e1f822d,DEC-5,Ten Commandments,No killing or physical injury,HARD_GATE,PASS,7e7d4bacc379f3064b46126acb4d3e842f966477a99c146c13dd490fcddb5d56,9e405e9a14008ca68e6d0abecf24ec9bca36192bbc47131a99c0f0c4b199c5f2
15,public-015,7,Delay(200) post-return spacing,Delay(200),False,REQUEST,ba9891785178c237b36af187871d55a5749b98fee6be82f2e9e7802d611ec395,wilson-transparent-ethics-reference-v1,b493b76b4e4462d56eca98f4afc6e1c00cd32ac0a7dc938d6c3dd9283e1f822d,DEC-6,Ten Commandments,No facilitation of sexual betrayal/exploitation,HARD_GATE,PASS,9e405e9a14008ca68e6d0abecf24ec9bca36192bbc47131a99c0f0c4b199c5f2,3d5865812bd628c75d49cfce832428926b12d450b3361c46230b3d9da12e5940
15,public-015,7,Delay(200) post-return spacing,Delay(200),False,REQUEST,ba9891785178c237b36af187871d55a5749b98fee6be82f2e9e7802d611ec395,wilson-transparent-ethics-reference-v1,b493b76b4e4462d56eca98f4afc6e1c00cd32ac0a7dc938d6c3dd9283e1f822d,DEC-7,Ten Commandments,No theft,HARD_GATE,PASS,3d5865812bd628c75d49cfce832428926b12d450b3361c46230b3d9da12e5940,fc5980e4186e6e3e56a959ee068ca17cad8ae8f9bb1e6fedb7ebd6be4268d30f
15,public-015,7,Delay(200) post-return spacing,Delay(200),False,REQUEST,ba9891785178c237b36af187871d55a5749b98fee6be82f2e9e7802d611ec395,wilson-transparent-ethics-reference-v1,b493b76b4e4462d56eca98f4afc6e1c00cd32ac0a7dc938d6c3dd9283e1f822d,DEC-8,Ten Commandments,No false witness,HARD_GATE,PASS,fc5980e4186e6e3e56a959ee068ca17cad8ae8f9bb1e6fedb7ebd6be4268d30f,f64d9feb1c569147665675dcbb0bad5b141cd58e2df465baf5378eaae6daa411
15,public-015,7,Delay(200) post-return spacing,Delay(200),False,REQUEST,ba9891785178c237b36af187871d55a5749b98fee6be82f2e9e7802d611ec395,wilson-transparent-ethics-reference-v1,b493b76b4e4462d56eca98f4afc6e1c00cd32ac0a7dc938d6c3dd9283e1f822d,DEC-9,Ten Commandments,No coercive interference with another relationship,HARD_GATE,PASS,f64d9feb1c569147665675dcbb0bad5b141cd58e2df465baf5378eaae6daa411,b3da849f77b9be0b94f5e9b2cb0ed436641807cce39ca400df46f4e9c01f1cfa
15,public-015,7,Delay(200) post-return spacing,Delay(200),False,REQUEST,ba9891785178c237b36af187871d55a5749b98fee6be82f2e9e7802d611ec395,wilson-transparent-ethics-reference-v1,b493b76b4e4462d56eca98f4afc6e1c00cd32ac0a7dc938d6c3dd9283e1f822d,DEC-10,Ten Commandments,No wrongful acquisition of another's property,HARD_GATE,PASS,b3da849f77b9be0b94f5e9b2cb0ed436641807cce39ca400df46f4e9c01f1cfa,96356b45e59a366207faf562a071d03198a3a4a8c0cba09653a6c5496a0264ad
15,public-015,7,Delay(200) post-return spacing,Delay(200),False,OUTPUT,ba9891785178c237b36af187871d55a5749b98fee6be82f2e9e7802d611ec395,wilson-transparent-ethics-reference-v1,b493b76b4e4462d56eca98f4afc6e1c00cd32ac0a7dc938d6c3dd9283e1f822d,ROB-1,Three Laws of Robotics,Human non-harm,HARD_GATE,PASS,96356b45e59a366207faf562a071d03198a3a4a8c0cba09653a6c5496a0264ad,70b951365045762e4ef1bff300a26a6d15c064e91c1107a416fc027d8f786411
15,public-015,7,Delay(200) post-return spacing,Delay(200),False,OUTPUT,ba9891785178c237b36af187871d55a5749b98fee6be82f2e9e7802d611ec395,wilson-transparent-ethics-reference-v1,b493b76b4e4462d56eca98f4afc6e1c00cd32ac0a7dc938d6c3dd9283e1f822d,ROB-2,Three Laws of Robotics,Bounded obedience,PRECEDENCE,PASS_PRECEDENCE,70b951365045762e4ef1bff300a26a6d15c064e91c1107a416fc027d8f786411,17c871f0471d62dd42d2deba20ebe0a6e477981329f219c2eef7bbed8f994ac6
15,public-015,7,Delay(200) post-return spacing,Delay(200),False,OUTPUT,ba9891785178c237b36af187871d55a5749b98fee6be82f2e9e7802d611ec395,wilson-transparent-ethics-reference-v1,b493b76b4e4462d56eca98f4afc6e1c00cd32ac0a7dc938d6c3dd9283e1f822d,ROB-3,Three Laws of Robotics,Subordinate self-preservation,PRECEDENCE,PASS_PRECEDENCE,17c871f0471d62dd42d2deba20ebe0a6e477981329f219c2eef7bbed8f994ac6,c2c5702c75abc4b6321da0d2c207bb2c9e4124138fbfdf7de6ef5c5d0e2ad1e7
15,public-015,7,Delay(200) post-return spacing,Delay(200),False,OUTPUT,ba9891785178c237b36af187871d55a5749b98fee6be82f2e9e7802d611ec395,wilson-transparent-ethics-reference-v1,b493b76b4e4462d56eca98f4afc6e1c00cd32ac0a7dc938d6c3dd9283e1f822d,DEC-1,Ten Commandments,No deification claim,HARD_GATE,PASS,c2c5702c75abc4b6321da0d2c207bb2c9e4124138fbfdf7de6ef5c5d0e2ad1e7,c2a5869c41e6761c1ee8bc76e35fbc63be95632bdd494ce7f37ab1fa17a4b332
15,public-015,7,Delay(200) post-return spacing,Delay(200),False,OUTPUT,ba9891785178c237b36af187871d55a5749b98fee6be82f2e9e7802d611ec395,wilson-transparent-ethics-reference-v1,b493b76b4e4462d56eca98f4afc6e1c00cd32ac0a7dc938d6c3dd9283e1f822d,DEC-2,Ten Commandments,No deceptive divine invocation,HARD_GATE,PASS,c2a5869c41e6761c1ee8bc76e35fbc63be95632bdd494ce7f37ab1fa17a4b332,93f95e7dff8973a0ba9f21940a1131a27beef3172db6135df38c115dabf6ba7e
15,public-015,7,Delay(200) post-return spacing,Delay(200),False,OUTPUT,ba9891785178c237b36af187871d55a5749b98fee6be82f2e9e7802d611ec395,wilson-transparent-ethics-reference-v1,b493b76b4e4462d56eca98f4afc6e1c00cd32ac0a7dc938d6c3dd9283e1f822d,DEC-3,Ten Commandments,Sabbath/rest observance,NOT_APPLICABLE,NOT_APPLICABLE,93f95e7dff8973a0ba9f21940a1131a27beef3172db6135df38c115dabf6ba7e,0e27528aba5523b2cc7be875aa1291cc1241f8ae42e7bbb23cf9a372992c28ab
15,public-015,7,Delay(200) post-return spacing,Delay(200),False,OUTPUT,ba9891785178c237b36af187871d55a5749b98fee6be82f2e9e7802d611ec395,wilson-transparent-ethics-reference-v1,b493b76b4e4462d56eca98f4afc6e1c00cd32ac0a7dc938d6c3dd9283e1f822d,DEC-4,Ten Commandments,Honor parents/family,NOT_APPLICABLE,NOT_APPLICABLE,0e27528aba5523b2cc7be875aa1291cc1241f8ae42e7bbb23cf9a372992c28ab,f95a72ec53300f986002d73c79cf9b5c78fbfdfe127c2782de5c8e29457509bd
15,public-015,7,Delay(200) post-return spacing,Delay(200),False,OUTPUT,ba9891785178c237b36af187871d55a5749b98fee6be82f2e9e7802d611ec395,wilson-transparent-ethics-reference-v1,b493b76b4e4462d56eca98f4afc6e1c00cd32ac0a7dc938d6c3dd9283e1f822d,DEC-5,Ten Commandments,No killing or physical injury,HARD_GATE,PASS,f95a72ec53300f986002d73c79cf9b5c78fbfdfe127c2782de5c8e29457509bd,197a9e081960f25f6e040a1d6ae241c86a549b15653921f5391f8ca3ad2c7763
15,public-015,7,Delay(200) post-return spacing,Delay(200),False,OUTPUT,ba9891785178c237b36af187871d55a5749b98fee6be82f2e9e7802d611ec395,wilson-transparent-ethics-reference-v1,b493b76b4e4462d56eca98f4afc6e1c00cd32ac0a7dc938d6c3dd9283e1f822d,DEC-6,Ten Commandments,No facilitation of sexual betrayal/exploitation,HARD_GATE,PASS,197a9e081960f25f6e040a1d6ae241c86a549b15653921f5391f8ca3ad2c7763,88fd2fbbfe275a733fd240b7ba1a6bbcbda9666ffba3862d8da61c734bbe0752
15,public-015,7,Delay(200) post-return spacing,Delay(200),False,OUTPUT,ba9891785178c237b36af187871d55a5749b98fee6be82f2e9e7802d611ec395,wilson-transparent-ethics-reference-v1,b493b76b4e4462d56eca98f4afc6e1c00cd32ac0a7dc938d6c3dd9283e1f822d,DEC-7,Ten Commandments,No theft,HARD_GATE,PASS,88fd2fbbfe275a733fd240b7ba1a6bbcbda9666ffba3862d8da61c734bbe0752,b5d36fb25ccd1d7e4bd508e65d9b089ab2865c14ea74859a7ffe1254f1257aa5
15,public-015,7,Delay(200) post-return spacing,Delay(200),False,OUTPUT,ba9891785178c237b36af187871d55a5749b98fee6be82f2e9e7802d611ec395,wilson-transparent-ethics-reference-v1,b493b76b4e4462d56eca98f4afc6e1c00cd32ac0a7dc938d6c3dd9283e1f822d,DEC-8,Ten Commandments,No false witness,HARD_GATE,PASS,b5d36fb25ccd1d7e4bd508e65d9b089ab2865c14ea74859a7ffe1254f1257aa5,157820c3dd508a7bf93f38cd4b45c023fbc5f2cf76784d2d7698028f65c12e8e
15,public-015,7,Delay(200) post-return spacing,Delay(200),False,OUTPUT,ba9891785178c237b36af187871d55a5749b98fee6be82f2e9e7802d611ec395,wilson-transparent-ethics-reference-v1,b493b76b4e4462d56eca98f4afc6e1c00cd32ac0a7dc938d6c3dd9283e1f822d,DEC-9,Ten Commandments,No coercive interference with another relationship,HARD_GATE,PASS,157820c3dd508a7bf93f38cd4b45c023fbc5f2cf76784d2d7698028f65c12e8e,8dcd5e5b3505400c15bab7d8db532c88a5a90bf292a097253b3841f213bea2c1
15,public-015,7,Delay(200) post-return spacing,Delay(200),False,OUTPUT,ba9891785178c237b36af187871d55a5749b98fee6be82f2e9e7802d611ec395,wilson-transparent-ethics-reference-v1,b493b76b4e4462d56eca98f4afc6e1c00cd32ac0a7dc938d6c3dd9283e1f822d,DEC-10,Ten Commandments,No wrongful acquisition of another's property,HARD_GATE,PASS,8dcd5e5b3505400c15bab7d8db532c88a5a90bf292a097253b3841f213bea2c1,7d56c819c8f02d19abe46fb9ccff601525cf09e4b05cbbf5eebf6d5b792cf9b8
